Product,Date,Region,Units Sold,Unit Cost,Unit Price,Revenue,Profit,Year,Month,Quarter
Toy SKU 03,2022-01-01,C,146,12.52,32.01,4673.46,2845.54,2022,1,1
Toy SKU 14,2022-01-02,A,27,13.74,34.12,921.2399999999999,550.2599999999999,2022,1,1
Toy SKU 22,2022-01-03,C,116,8.23,21.24,2463.8399999999997,1509.1599999999996,2022,1,1
Toy SKU 04,2022-01-04,A,204,10.26,36.15,7374.599999999999,5281.5599999999995,2022,1,1
Toy SKU 17,2022-01-05,B,103,9.32,11.11,1144.33,184.3699999999999,2022,1,1
Toy SKU 07,2022-01-06,C,183,10.13,34.02,6225.660000000001,4371.870000000001,2022,1,1
Toy SKU 22,2022-01-07,B,22,12.88,34.69,763.18,479.81999999999994,2022,1,1
Toy SKU 30,2022-01-08,C,49,8.4,10.45,512.05,100.44999999999993,2022,1,1
Toy SKU 17,2022-01-09,A,165,11.32,40.93,6753.45,4885.65,2022,1,1
Toy SKU 21,2022-01-10,B,77,7.39,24.5,1886.5,1317.47,2022,1,1
Toy SKU 24,2022-01-11,A,106,8.49,16.49,1747.9399999999998,847.9999999999998,2022,1,1
Toy SKU 04,2022-01-12,B,150,8.09,36.48,5471.999999999999,4258.499999999999,2022,1,1
Toy SKU 19,2022-01-13,C,28,12.24,35.56,995.6800000000001,652.96,2022,1,1
Toy SKU 10,2022-01-14,C,90,6.53,31.52,2836.8,2249.1000000000004,2022,1,1
Toy SKU 20,2022-01-15,A,184,3.58,34.97,6434.48,5775.759999999999,2022,1,1
Toy SKU 06,2022-01-16,C,148,10.9,34.76,5144.48,3531.2799999999997,2022,1,1
Toy SKU 17,2022-01-17,B,115,4.97,12.78,1469.6999999999998,898.1499999999999,2022,1,1
Toy SKU 18,2022-01-18,B,149,8.45,27.65,4119.849999999999,2860.7999999999993,2022,1,1
Toy SKU 03,2022-01-19,C,129,9.31,27.45,3541.0499999999997,2340.0599999999995,2022,1,1
Toy SKU 20,2022-01-20,C,72,3.82,23.41,1685.52,1410.48,2022,1,1
Toy SKU 30,2022-01-21,A,66,12.46,16.72,1103.52,281.15999999999997,2022,1,1
Toy SKU 13,2022-01-22,C,20,6.45,18.69,373.8,244.8,2022,1,1
Toy SKU 14,2022-01-23,B,34,11.73,30.92,1051.28,652.46,2022,1,1
Toy SKU 17,2022-01-24,B,94,12.05,14.51,1363.94,231.24,2022,1,1
Toy SKU 11,2022-01-25,A,30,11.08,24.24,727.1999999999999,394.79999999999995,2022,1,1
Toy SKU 03,2022-01-26,C,42,8.76,14.03,589.26,221.33999999999997,2022,1,1
Toy SKU 15,2022-01-27,C,113,7.5,18.95,2141.35,1293.85,2022,1,1
Toy SKU 14,2022-01-28,C,141,7.3,11.89,1676.49,647.19,2022,1,1
Toy SKU 11,2022-01-29,A,79,13.04,32.09,2535.11,1504.9500000000003,2022,1,1
Toy SKU 29,2022-01-30,B,64,13.68,34.7,2220.8,1345.2800000000002,2022,1,1
Toy SKU 08,2022-01-31,C,175,6.36,12.18,2131.5,1018.5,2022,1,1
Toy SKU 14,2022-02-01,B,199,8.29,15.68,3120.32,1470.6100000000004,2022,2,1
Toy SKU 22,2022-02-02,A,179,5.36,37.27,6671.330000000001,5711.890000000001,2022,2,1
Toy SKU 18,2022-02-03,A,168,11.05,23.26,3907.6800000000003,2051.28,2022,2,1
Toy SKU 10,2022-02-04,B,37,10.32,11.79,436.22999999999996,54.38999999999993,2022,2,1
Toy SKU 18,2022-02-05,C,96,3.94,25.3,2428.8,2050.5600000000004,2022,2,1
Toy SKU 06,2022-02-06,A,148,4.59,28.39,4201.72,3522.4000000000005,2022,2,1
Toy SKU 05,2022-02-07,C,44,13.21,28.18,1239.92,658.6800000000001,2022,2,1
Toy SKU 14,2022-02-08,B,137,3.74,40.63,5566.31,5053.93,2022,2,1
Toy SKU 18,2022-02-09,B,110,11.72,11.73,1290.3,1.099999999999909,2022,2,1
Toy SKU 09,2022-02-10,B,150,13.35,27.87,4180.5,2178.0,2022,2,1
Toy SKU 15,2022-02-11,B,108,6.3,19.94,2153.52,1473.12,2022,2,1
Toy SKU 17,2022-02-12,B,188,3.73,36.27,6818.76,6117.52,2022,2,1
Toy SKU 14,2022-02-13,A,197,4.97,27.28,5374.16,4395.07,2022,2,1
Toy SKU 10,2022-02-14,A,149,6.45,30.76,4583.24,3622.1899999999996,2022,2,1
Toy SKU 21,2022-02-15,C,162,11.57,12.56,2034.72,160.37999999999988,2022,2,1
Toy SKU 19,2022-02-16,C,214,3.89,27.31,5844.34,5011.88,2022,2,1
Toy SKU 07,2022-02-17,B,86,12.21,35.67,3067.6200000000003,2017.5600000000002,2022,2,1
Toy SKU 29,2022-02-18,A,50,6.55,26.0,1300.0,972.5,2022,2,1
Toy SKU 29,2022-02-19,C,62,13.33,14.43,894.66,68.19999999999993,2022,2,1
Toy SKU 16,2022-02-20,A,71,13.92,38.43,2728.53,1740.21,2022,2,1
Toy SKU 14,2022-02-21,A,166,12.85,38.48,6387.679999999999,4254.58,2022,2,1
Toy SKU 04,2022-02-22,B,107,11.61,30.83,3298.81,2056.54,2022,2,1
Toy SKU 10,2022-02-23,B,87,4.49,33.64,2926.68,2536.0499999999997,2022,2,1
Toy SKU 12,2022-02-24,A,9,6.03,13.05,117.45,63.18,2022,2,1
Toy SKU 29,2022-02-25,A,184,5.11,14.92,2745.28,1805.0400000000002,2022,2,1
Toy SKU 12,2022-02-26,B,160,5.56,19.24,3078.3999999999996,2188.7999999999997,2022,2,1
Toy SKU 27,2022-02-27,C,172,13.7,25.52,4389.44,2033.0399999999995,2022,2,1
Toy SKU 14,2022-02-28,A,206,5.91,13.35,2750.1,1532.6399999999999,2022,2,1
Toy SKU 01,2022-03-01,A,151,4.78,25.71,3882.21,3160.43,2022,3,1
Toy SKU 28,2022-03-02,C,170,5.6,35.54,6041.8,5089.8,2022,3,1
Toy SKU 18,2022-03-03,A,159,11.26,13.32,2117.88,327.5400000000002,2022,3,1
Toy SKU 14,2022-03-04,A,128,7.67,18.93,2423.04,1441.28,2022,3,1
Toy SKU 28,2022-03-05,A,111,10.46,40.54,4499.94,3338.879999999999,2022,3,1
Toy SKU 16,2022-03-06,A,211,3.76,27.32,5764.52,4971.160000000001,2022,3,1
Toy SKU 28,2022-03-07,A,142,4.61,13.63,1935.46,1280.8400000000001,2022,3,1
Toy SKU 23,2022-03-08,B,9,9.76,39.79,358.11,270.27,2022,3,1
Toy SKU 29,2022-03-09,C,178,8.41,34.9,6212.2,4715.219999999999,2022,3,1
Toy SKU 26,2022-03-10,A,148,12.21,35.29,5222.92,3415.84,2022,3,1
Toy SKU 04,2022-03-11,B,57,9.07,29.0,1653.0,1136.01,2022,3,1
Toy SKU 28,2022-03-12,C,167,7.83,21.35,3565.4500000000003,2257.84,2022,3,1
Toy SKU 19,2022-03-13,C,98,10.35,37.63,3687.7400000000002,2673.4400000000005,2022,3,1
Toy SKU 09,2022-03-14,B,120,5.98,33.62,4034.3999999999996,3316.7999999999997,2022,3,1
Toy SKU 08,2022-03-15,C,181,4.61,11.2,2027.1999999999998,1192.7899999999997,2022,3,1
Toy SKU 15,2022-03-16,B,83,12.16,19.24,1596.9199999999998,587.6399999999999,2022,3,1
Toy SKU 05,2022-03-17,C,38,13.17,14.46,549.48,49.02000000000004,2022,3,1
Toy SKU 05,2022-03-18,A,130,4.71,9.7,1261.0,648.7,2022,3,1
Toy SKU 05,2022-03-19,C,19,5.33,10.76,204.44,103.17,2022,3,1
Toy SKU 13,2022-03-20,B,117,7.63,19.49,2280.33,1387.62,2022,3,1
Toy SKU 21,2022-03-21,C,114,12.69,37.09,4228.26,2781.6000000000004,2022,3,1
Toy SKU 17,2022-03-22,A,112,5.99,17.23,1929.76,1258.88,2022,3,1
Toy SKU 06,2022-03-23,B,129,7.87,10.63,1371.2700000000002,356.0400000000002,2022,3,1
Toy SKU 01,2022-03-24,B,204,4.57,36.5,7446.0,6513.72,2022,3,1
Toy SKU 16,2022-03-25,A,19,13.21,12.27,233.13,-17.860000000000014,2022,3,1
Toy SKU 26,2022-03-26,C,177,13.79,35.47,6278.19,3837.3599999999997,2022,3,1
Toy SKU 28,2022-03-27,B,173,10.25,34.71,6004.83,4231.58,2022,3,1
Toy SKU 23,2022-03-28,A,183,8.9,37.3,6825.9,5197.2,2022,3,1
Toy SKU 17,2022-03-29,C,106,7.54,30.11,3191.66,2392.42,2022,3,1
Toy SKU 08,2022-03-30,A,20,8.52,22.76,455.20000000000005,284.80000000000007,2022,3,1
Toy SKU 05,2022-03-31,B,57,7.36,21.09,1202.1299999999999,782.6099999999999,2022,3,1
Toy SKU 23,2022-04-01,A,99,10.7,18.8,1861.2,801.9000000000001,2022,4,2
Toy SKU 12,2022-04-02,C,209,13.12,24.87,5197.83,2455.75,2022,4,2
Toy SKU 24,2022-04-03,A,105,12.41,30.54,3206.7,1903.6499999999999,2022,4,2
Toy SKU 17,2022-04-04,A,178,9.09,29.89,5320.42,3702.4,2022,4,2
Toy SKU 03,2022-04-05,A,45,5.63,31.93,1436.85,1183.5,2022,4,2
Toy SKU 23,2022-04-06,B,190,4.89,29.27,5561.3,4632.200000000001,2022,4,2
Toy SKU 20,2022-04-07,A,139,4.39,39.89,5544.71,4934.5,2022,4,2
Toy SKU 22,2022-04-08,C,37,13.57,35.43,1310.91,808.82,2022,4,2
Toy SKU 13,2022-04-09,B,102,11.85,40.22,4102.44,2893.74,2022,4,2
Toy SKU 24,2022-04-10,A,61,9.7,12.14,740.5400000000001,148.84000000000015,2022,4,2
Toy SKU 16,2022-04-11,B,43,9.43,27.89,1199.27,793.78,2022,4,2
Toy SKU 06,2022-04-12,B,106,8.99,34.21,3626.26,2673.32,2022,4,2
Toy SKU 28,2022-04-13,C,117,9.8,39.73,4648.41,3501.8099999999995,2022,4,2
Toy SKU 15,2022-04-14,C,33,4.73,11.89,392.37,236.28,2022,4,2
Toy SKU 15,2022-04-15,B,162,11.63,31.15,5046.3,3162.24,2022,4,2
Toy SKU 13,2022-04-16,C,78,12.93,34.16,2664.4799999999996,1655.9399999999996,2022,4,2
Toy SKU 20,2022-04-17,A,176,6.8,14.2,2499.2,1302.3999999999999,2022,4,2
Toy SKU 11,2022-04-18,C,39,13.33,23.45,914.55,394.67999999999995,2022,4,2
Toy SKU 23,2022-04-19,B,35,9.31,39.89,1396.15,1070.3000000000002,2022,4,2
Toy SKU 22,2022-04-20,B,173,8.53,21.42,3705.6600000000003,2229.9700000000003,2022,4,2
Toy SKU 20,2022-04-21,C,9,13.49,12.91,116.19,-5.219999999999999,2022,4,2
Toy SKU 22,2022-04-22,A,188,10.19,13.02,2447.7599999999998,532.04,2022,4,2
Toy SKU 15,2022-04-23,B,14,3.63,23.99,335.85999999999996,285.03999999999996,2022,4,2
Toy SKU 21,2022-04-24,C,182,6.6,24.13,4391.66,3190.46,2022,4,2
Toy SKU 10,2022-04-25,B,10,13.14,34.78,347.8,216.4,2022,4,2
Toy SKU 10,2022-04-26,B,31,13.97,38.01,1178.31,745.24,2022,4,2
Toy SKU 21,2022-04-27,A,172,4.62,41.97,7218.84,6424.2,2022,4,2
Toy SKU 26,2022-04-28,A,149,10.33,11.98,1785.02,245.8499999999999,2022,4,2
Toy SKU 21,2022-04-29,C,191,6.03,13.72,2620.52,1468.79,2022,4,2
Toy SKU 01,2022-04-30,C,172,5.58,39.05,6716.599999999999,5756.839999999999,2022,4,2
Toy SKU 09,2022-05-01,B,200,3.56,10.7,2140.0,1428.0,2022,5,2
Toy SKU 02,2022-05-02,C,136,11.92,16.87,2294.32,673.2000000000003,2022,5,2
Toy SKU 09,2022-05-03,C,59,11.91,39.62,2337.58,1634.8899999999999,2022,5,2
Toy SKU 02,2022-05-04,A,171,10.83,36.65,6267.15,4415.219999999999,2022,5,2
Toy SKU 14,2022-05-05,A,104,4.81,25.65,2667.6,2167.36,2022,5,2
Toy SKU 07,2022-05-06,B,165,10.12,37.09,6119.85,4450.05,2022,5,2
Toy SKU 14,2022-05-07,A,180,5.53,17.94,3229.2000000000003,2233.8,2022,5,2
Toy SKU 23,2022-05-08,A,158,13.79,29.18,4610.44,2431.62,2022,5,2
Toy SKU 16,2022-05-09,A,22,3.94,38.18,839.96,753.2800000000001,2022,5,2
Toy SKU 19,2022-05-10,B,158,5.32,12.03,1900.74,1060.1799999999998,2022,5,2
Toy SKU 24,2022-05-11,A,87,8.31,34.87,3033.6899999999996,2310.7199999999993,2022,5,2
Toy SKU 30,2022-05-12,A,142,9.51,13.79,1958.1799999999998,607.7599999999998,2022,5,2
Toy SKU 08,2022-05-13,C,122,9.57,32.09,3914.9800000000005,2747.4400000000005,2022,5,2
Toy SKU 10,2022-05-14,A,145,13.38,13.9,2015.5,75.39999999999986,2022,5,2
Toy SKU 14,2022-05-15,B,154,8.48,12.93,1991.22,685.3,2022,5,2
Toy SKU 13,2022-05-16,C,36,6.42,19.06,686.16,455.03999999999996,2022,5,2
Toy SKU 19,2022-05-17,B,174,10.16,22.59,3930.66,2162.8199999999997,2022,5,2
Toy SKU 19,2022-05-18,A,94,5.79,28.41,2670.54,2126.2799999999997,2022,5,2
Toy SKU 19,2022-05-19,A,203,7.89,24.65,5003.95,3402.2799999999997,2022,5,2
Toy SKU 02,2022-05-20,A,55,9.51,27.67,1521.8500000000001,998.8000000000002,2022,5,2
Toy SKU 18,2022-05-21,C,123,10.35,19.44,2391.1200000000003,1118.0700000000004,2022,5,2
Toy SKU 20,2022-05-22,A,174,9.27,23.24,4043.7599999999998,2430.7799999999997,2022,5,2
Toy SKU 16,2022-05-23,B,119,8.88,33.31,3963.8900000000003,2907.17,2022,5,2
Toy SKU 11,2022-05-24,B,195,13.17,25.62,4995.900000000001,2427.7500000000005,2022,5,2
Toy SKU 23,2022-05-25,B,64,6.8,36.63,2344.32,1909.1200000000001,2022,5,2
Toy SKU 24,2022-05-26,B,112,4.72,11.38,1274.5600000000002,745.9200000000002,2022,5,2
Toy SKU 27,2022-05-27,C,182,6.45,20.03,3645.46,2471.56,2022,5,2
Toy SKU 02,2022-05-28,B,44,6.8,33.51,1474.4399999999998,1175.2399999999998,2022,5,2
Toy SKU 28,2022-05-29,A,100,12.49,21.28,2128.0,879.0,2022,5,2
Toy SKU 25,2022-05-30,C,40,9.81,12.95,518.0,125.59999999999997,2022,5,2
Toy SKU 16,2022-05-31,B,114,13.95,34.48,3930.72,2340.42,2022,5,2
Toy SKU 29,2022-06-01,B,73,10.72,32.28,2356.44,1573.88,2022,6,2
Toy SKU 23,2022-06-02,B,204,3.61,15.9,3243.6,2507.16,2022,6,2
Toy SKU 20,2022-06-03,C,119,5.22,14.47,1721.93,1100.75,2022,6,2
Toy SKU 13,2022-06-04,C,203,9.34,36.69,7448.07,5552.049999999999,2022,6,2
Toy SKU 30,2022-06-05,C,217,4.99,23.79,5162.429999999999,4079.5999999999995,2022,6,2
Toy SKU 26,2022-06-06,B,77,11.43,23.31,1794.87,914.7599999999999,2022,6,2
Toy SKU 03,2022-06-07,B,107,5.08,14.97,1601.79,1058.23,2022,6,2
Toy SKU 08,2022-06-08,C,207,5.94,18.64,3858.48,2628.8999999999996,2022,6,2
Toy SKU 02,2022-06-09,A,111,9.66,25.28,2806.08,1733.82,2022,6,2
Toy SKU 01,2022-06-10,A,65,12.36,30.04,1952.6,1149.1999999999998,2022,6,2
Toy SKU 08,2022-06-11,B,145,10.54,34.18,4956.1,3427.8,2022,6,2
Toy SKU 19,2022-06-12,A,161,9.17,20.17,3247.3700000000003,1771.0000000000005,2022,6,2
Toy SKU 11,2022-06-13,C,187,8.57,34.36,6425.32,4822.73,2022,6,2
Toy SKU 21,2022-06-14,C,86,13.05,28.38,2440.68,1318.3799999999999,2022,6,2
Toy SKU 16,2022-06-15,A,188,7.08,25.46,4786.4800000000005,3455.4400000000005,2022,6,2
Toy SKU 26,2022-06-16,B,117,7.68,39.27,4594.59,3696.03,2022,6,2
Toy SKU 04,2022-06-17,B,141,5.36,20.18,2845.38,2089.62,2022,6,2
Toy SKU 10,2022-06-18,A,62,13.24,23.79,1474.98,654.1,2022,6,2
Toy SKU 01,2022-06-19,B,73,9.78,9.24,674.52,-39.41999999999996,2022,6,2
Toy SKU 13,2022-06-20,A,44,10.15,41.4,1821.6,1375.0,2022,6,2
Toy SKU 22,2022-06-21,C,139,8.51,34.13,4744.070000000001,3561.1800000000007,2022,6,2
Toy SKU 20,2022-06-22,C,117,13.61,34.81,4072.7700000000004,2480.4000000000005,2022,6,2
Toy SKU 22,2022-06-23,B,191,4.7,33.17,6335.47,5437.77,2022,6,2
Toy SKU 25,2022-06-24,B,145,10.37,41.0,5945.0,4441.35,2022,6,2
Toy SKU 17,2022-06-25,A,216,6.53,33.21,7173.360000000001,5762.880000000001,2022,6,2
Toy SKU 30,2022-06-26,C,143,4.8,10.35,1480.05,793.65,2022,6,2
Toy SKU 11,2022-06-27,B,172,8.64,41.52,7141.4400000000005,5655.360000000001,2022,6,2
Toy SKU 26,2022-06-28,B,76,7.82,35.19,2674.4399999999996,2080.1199999999994,2022,6,2
Toy SKU 30,2022-06-29,B,25,9.33,35.47,886.75,653.5,2022,6,2
Toy SKU 08,2022-06-30,C,102,3.89,21.3,2172.6,1775.82,2022,6,2
Toy SKU 25,2022-07-01,C,18,4.65,31.29,563.22,479.52000000000004,2022,7,3
Toy SKU 23,2022-07-02,C,147,12.59,33.4,4909.8,3059.07,2022,7,3
Toy SKU 24,2022-07-03,B,177,4.01,16.74,2962.9799999999996,2253.2099999999996,2022,7,3
Toy SKU 04,2022-07-04,B,57,3.55,25.98,1480.8600000000001,1278.5100000000002,2022,7,3
Toy SKU 26,2022-07-05,A,151,3.81,22.24,3358.24,2782.93,2022,7,3
Toy SKU 21,2022-07-06,C,137,6.0,37.14,5088.18,4266.18,2022,7,3
Toy SKU 21,2022-07-07,B,81,12.46,18.87,1528.47,519.2099999999999,2022,7,3
Toy SKU 22,2022-07-08,B,103,6.39,38.26,3940.7799999999997,3282.6099999999997,2022,7,3
Toy SKU 12,2022-07-09,C,47,4.39,20.28,953.1600000000001,746.8300000000002,2022,7,3
Toy SKU 14,2022-07-10,C,98,13.99,18.78,1840.44,469.4200000000001,2022,7,3
Toy SKU 25,2022-07-11,C,94,4.94,27.97,2629.18,2164.8199999999997,2022,7,3
Toy SKU 06,2022-07-12,C,189,9.75,21.95,4148.55,2305.8,2022,7,3
Toy SKU 22,2022-07-13,B,202,8.72,13.43,2712.86,951.4200000000001,2022,7,3
Toy SKU 04,2022-07-14,B,25,5.62,9.58,239.5,99.0,2022,7,3
Toy SKU 03,2022-07-15,A,104,10.16,20.33,2114.3199999999997,1057.6799999999996,2022,7,3
Toy SKU 14,2022-07-16,B,196,11.4,26.85,5262.6,3028.2000000000003,2022,7,3
Toy SKU 29,2022-07-17,C,68,12.92,16.76,1139.68,261.1200000000001,2022,7,3
Toy SKU 17,2022-07-18,A,196,9.06,33.5,6566.0,4790.24,2022,7,3
Toy SKU 28,2022-07-19,A,133,10.36,18.88,2511.04,1133.16,2022,7,3
Toy SKU 26,2022-07-20,A,71,5.13,37.85,2687.35,2323.12,2022,7,3
Toy SKU 10,2022-07-21,A,68,9.4,35.14,2389.52,1750.32,2022,7,3
Toy SKU 18,2022-07-22,C,142,8.5,41.83,5939.86,4732.86,2022,7,3
Toy SKU 14,2022-07-23,B,151,12.05,38.78,5855.78,4036.2299999999996,2022,7,3
Toy SKU 09,2022-07-24,C,107,9.4,12.36,1322.52,316.7199999999999,2022,7,3
Toy SKU 06,2022-07-25,B,146,13.53,25.92,3784.32,1808.9400000000003,2022,7,3
Toy SKU 29,2022-07-26,B,37,13.58,12.4,458.8,-43.65999999999997,2022,7,3
Toy SKU 02,2022-07-27,A,16,6.08,11.16,178.56,81.28,2022,7,3
Toy SKU 30,2022-07-28,B,63,6.78,10.68,672.84,245.7,2022,7,3
Toy SKU 16,2022-07-29,C,31,7.54,11.0,341.0,107.25999999999999,2022,7,3
Toy SKU 27,2022-07-30,C,103,6.67,22.01,2267.03,1580.0200000000002,2022,7,3
Toy SKU 07,2022-07-31,A,96,3.52,12.7,1219.1999999999998,881.2799999999997,2022,7,3
Toy SKU 13,2022-08-01,C,42,8.84,25.15,1056.3,685.02,2022,8,3
Toy SKU 01,2022-08-02,A,78,8.03,34.76,2711.2799999999997,2084.9399999999996,2022,8,3
Toy SKU 15,2022-08-03,C,120,6.89,17.0,2040.0,1213.2,2022,8,3
Toy SKU 08,2022-08-04,C,109,10.67,16.53,1801.7700000000002,638.7400000000002,2022,8,3
Toy SKU 23,2022-08-05,A,60,4.01,24.21,1452.6000000000001,1212.0000000000002,2022,8,3
Toy SKU 28,2022-08-06,C,158,5.08,10.56,1668.48,865.84,2022,8,3
Toy SKU 10,2022-08-07,A,12,3.6,15.21,182.52,139.32,2022,8,3
Toy SKU 28,2022-08-08,C,14,4.66,29.46,412.44,347.2,2022,8,3
Toy SKU 15,2022-08-09,A,26,9.7,37.03,962.78,710.5799999999999,2022,8,3
Toy SKU 18,2022-08-10,B,9,12.46,29.43,264.87,152.73,2022,8,3
Toy SKU 14,2022-08-11,A,198,12.48,17.39,3443.2200000000003,972.1800000000003,2022,8,3
Toy SKU 24,2022-08-12,A,202,8.27,28.91,5839.82,4169.28,2022,8,3
Toy SKU 28,2022-08-13,C,24,12.04,19.51,468.24,179.28000000000003,2022,8,3
Toy SKU 11,2022-08-14,B,177,9.81,16.14,2856.78,1120.41,2022,8,3
Toy SKU 16,2022-08-15,B,142,4.32,9.98,1417.16,803.72,2022,8,3
Toy SKU 10,2022-08-16,C,81,3.7,14.46,1171.26,871.56,2022,8,3
Toy SKU 20,2022-08-17,C,187,11.26,19.47,3640.89,1535.27,2022,8,3
Toy SKU 22,2022-08-18,A,196,9.74,13.16,2579.36,670.3200000000002,2022,8,3
Toy SKU 24,2022-08-19,A,150,5.32,25.74,3860.9999999999995,3062.9999999999995,2022,8,3
Toy SKU 21,2022-08-20,A,218,3.54,9.55,2081.9,1310.18,2022,8,3
Toy SKU 17,2022-08-21,C,130,4.83,38.61,5019.3,4391.400000000001,2022,8,3
Toy SKU 18,2022-08-22,A,194,9.13,29.52,5726.88,3955.66,2022,8,3
Toy SKU 06,2022-08-23,A,160,9.74,18.73,2996.8,1438.4,2022,8,3
Toy SKU 02,2022-08-24,B,148,12.28,9.6,1420.8,-396.6399999999999,2022,8,3
Toy SKU 02,2022-08-25,B,41,12.68,17.37,712.1700000000001,192.29000000000008,2022,8,3
Toy SKU 07,2022-08-26,B,137,9.31,22.07,3023.59,1748.1200000000001,2022,8,3
Toy SKU 23,2022-08-27,C,120,9.45,34.03,4083.6000000000004,2949.6000000000004,2022,8,3
Toy SKU 22,2022-08-28,C,216,7.9,25.98,5611.68,3905.28,2022,8,3
Toy SKU 29,2022-08-29,A,15,8.96,22.46,336.90000000000003,202.50000000000003,2022,8,3
Toy SKU 24,2022-08-30,C,27,12.84,22.04,595.0799999999999,248.39999999999992,2022,8,3
Toy SKU 05,2022-08-31,C,107,13.6,14.89,1593.23,138.02999999999997,2022,8,3
Toy SKU 05,2022-09-01,C,50,12.52,39.12,1955.9999999999998,1329.9999999999998,2022,9,3
Toy SKU 08,2022-09-02,A,80,11.2,37.99,3039.2000000000003,2143.2000000000003,2022,9,3
Toy SKU 15,2022-09-03,B,88,8.93,33.48,2946.24,2160.3999999999996,2022,9,3
Toy SKU 20,2022-09-04,C,121,9.48,12.45,1506.4499999999998,359.36999999999966,2022,9,3
Toy SKU 24,2022-09-05,C,199,12.59,35.34,7032.660000000001,4527.250000000001,2022,9,3
Toy SKU 16,2022-09-06,A,8,11.31,9.76,78.08,-12.400000000000006,2022,9,3
Toy SKU 07,2022-09-07,A,215,7.46,32.74,7039.1,5435.200000000001,2022,9,3
Toy SKU 28,2022-09-08,C,141,6.85,29.09,4101.69,3135.8399999999997,2022,9,3
Toy SKU 12,2022-09-09,B,131,7.8,28.86,3780.66,2758.8599999999997,2022,9,3
Toy SKU 18,2022-09-10,C,114,5.57,21.45,2445.2999999999997,1810.3199999999997,2022,9,3
Toy SKU 15,2022-09-11,B,91,4.88,14.37,1307.6699999999998,863.5899999999999,2022,9,3
Toy SKU 10,2022-09-12,C,17,13.53,17.04,289.68,59.670000000000016,2022,9,3
Toy SKU 11,2022-09-13,A,28,11.41,38.07,1065.96,746.48,2022,9,3
Toy SKU 11,2022-09-14,A,109,5.45,26.23,2859.07,2265.02,2022,9,3
Toy SKU 07,2022-09-15,A,107,6.22,10.49,1122.43,456.8900000000001,2022,9,3
Toy SKU 01,2022-09-16,B,27,10.35,25.35,684.45,405.00000000000006,2022,9,3
Toy SKU 29,2022-09-17,C,31,6.15,18.73,580.63,389.98,2022,9,3
Toy SKU 10,2022-09-18,C,71,12.97,41.49,2945.79,2024.92,2022,9,3
Toy SKU 27,2022-09-19,B,216,13.51,11.37,2455.9199999999996,-462.24000000000024,2022,9,3
Toy SKU 13,2022-09-20,A,207,9.31,12.2,2525.3999999999996,598.2299999999996,2022,9,3
Toy SKU 10,2022-09-21,C,187,9.98,26.9,5030.3,3164.04,2022,9,3
Toy SKU 16,2022-09-22,A,25,5.18,37.11,927.75,798.25,2022,9,3
Toy SKU 08,2022-09-23,B,131,11.22,18.77,2458.87,989.0499999999997,2022,9,3
Toy SKU 26,2022-09-24,B,185,11.48,34.49,6380.650000000001,4256.85,2022,9,3
Toy SKU 13,2022-09-25,A,51,13.39,12.98,661.98,-20.909999999999968,2022,9,3
Toy SKU 07,2022-09-26,C,162,6.28,36.93,5982.66,4965.3,2022,9,3
Toy SKU 04,2022-09-27,B,46,7.84,23.85,1097.1000000000001,736.4600000000002,2022,9,3
Toy SKU 06,2022-09-28,A,194,12.44,37.86,7344.84,4931.48,2022,9,3
Toy SKU 22,2022-09-29,C,79,9.07,17.2,1358.8,642.27,2022,9,3
Toy SKU 10,2022-09-30,A,70,13.37,38.3,2681.0,1745.1,2022,9,3
Toy SKU 05,2022-10-01,A,172,8.94,25.19,4332.68,2795.0000000000005,2022,10,4
Toy SKU 14,2022-10-02,B,91,8.06,13.35,1214.85,481.3899999999999,2022,10,4
Toy SKU 17,2022-10-03,B,34,13.5,24.91,846.94,387.94000000000005,2022,10,4
Toy SKU 26,2022-10-04,C,39,9.32,15.85,618.15,254.66999999999996,2022,10,4
Toy SKU 05,2022-10-05,A,61,3.82,12.93,788.73,555.71,2022,10,4
Toy SKU 05,2022-10-06,C,8,9.89,24.35,194.8,115.68,2022,10,4
Toy SKU 10,2022-10-07,C,92,9.08,15.18,1396.56,561.1999999999999,2022,10,4
Toy SKU 26,2022-10-08,C,38,11.29,24.47,929.8599999999999,500.8399999999999,2022,10,4
Toy SKU 25,2022-10-09,C,40,13.17,20.27,810.8,284.0,2022,10,4
Toy SKU 17,2022-10-10,A,205,11.84,29.55,6057.75,3630.55,2022,10,4
Toy SKU 11,2022-10-11,A,167,11.83,15.99,2670.33,694.72,2022,10,4
Toy SKU 07,2022-10-12,C,120,10.21,9.08,1089.6,-135.60000000000014,2022,10,4
Toy SKU 14,2022-10-13,B,218,6.45,11.05,2408.9,1002.8,2022,10,4
Toy SKU 12,2022-10-14,B,177,5.1,29.87,5286.99,4384.29,2022,10,4
Toy SKU 04,2022-10-15,B,91,13.18,19.53,1777.23,577.8500000000001,2022,10,4
Toy SKU 13,2022-10-16,C,160,10.43,28.79,4606.4,2937.5999999999995,2022,10,4
Toy SKU 14,2022-10-17,A,108,13.48,20.31,2193.48,737.6399999999999,2022,10,4
Toy SKU 17,2022-10-18,A,27,12.38,10.33,278.91,-55.35000000000002,2022,10,4
Toy SKU 21,2022-10-19,C,103,12.87,33.74,3475.2200000000003,2149.6100000000006,2022,10,4
Toy SKU 09,2022-10-20,C,104,10.43,18.98,1973.92,889.2,2022,10,4
Toy SKU 16,2022-10-21,B,208,7.35,33.37,6940.959999999999,5412.159999999999,2022,10,4
Toy SKU 12,2022-10-22,B,197,11.06,25.79,5080.63,2901.81,2022,10,4
Toy SKU 17,2022-10-23,C,200,7.9,30.35,6070.0,4490.0,2022,10,4
Toy SKU 13,2022-10-24,B,155,8.12,13.15,2038.25,779.6500000000001,2022,10,4
Toy SKU 13,2022-10-25,C,27,10.51,30.63,827.01,543.24,2022,10,4
Toy SKU 22,2022-10-26,B,72,6.93,15.53,1118.1599999999999,619.1999999999998,2022,10,4
Toy SKU 01,2022-10-27,A,172,12.54,17.14,2948.08,791.2000000000003,2022,10,4
Toy SKU 28,2022-10-28,C,44,6.39,13.58,597.52,316.36,2022,10,4
Toy SKU 04,2022-10-29,A,68,10.58,39.04,2654.72,1935.2799999999997,2022,10,4
Toy SKU 23,2022-10-30,A,211,10.86,40.45,8534.95,6243.490000000001,2022,10,4
Toy SKU 17,2022-10-31,B,137,6.18,29.64,4060.6800000000003,3214.0200000000004,2022,10,4
Toy SKU 02,2022-11-01,A,160,7.7,31.62,5059.2,3827.2,2022,11,4
Toy SKU 30,2022-11-02,B,12,7.7,37.88,454.56000000000006,362.1600000000001,2022,11,4
Toy SKU 29,2022-11-03,B,84,13.33,37.18,3123.12,2003.3999999999999,2022,11,4
Toy SKU 14,2022-11-04,A,76,9.22,25.16,1912.16,1211.44,2022,11,4
Toy SKU 14,2022-11-05,B,180,6.06,39.12,7041.599999999999,5950.799999999999,2022,11,4
Toy SKU 11,2022-11-06,C,203,12.35,41.28,8379.84,5872.790000000001,2022,11,4
Toy SKU 01,2022-11-07,C,219,11.51,24.86,5444.34,2923.65,2022,11,4
Toy SKU 23,2022-11-08,B,104,6.02,30.28,3149.12,2523.04,2022,11,4
Toy SKU 20,2022-11-09,A,72,9.65,22.53,1622.16,927.36,2022,11,4
Toy SKU 08,2022-11-10,A,54,12.07,37.4,2019.6,1367.82,2022,11,4
Toy SKU 18,2022-11-11,A,85,7.03,35.32,3002.2,2404.6499999999996,2022,11,4
Toy SKU 01,2022-11-12,A,185,4.95,34.55,6391.749999999999,5475.999999999999,2022,11,4
Toy SKU 19,2022-11-13,A,32,13.99,15.36,491.52,43.839999999999975,2022,11,4
Toy SKU 12,2022-11-14,C,40,7.94,29.45,1178.0,860.4,2022,11,4
Toy SKU 27,2022-11-15,C,69,4.23,13.55,934.95,643.08,2022,11,4
Toy SKU 30,2022-11-16,B,175,6.34,38.2,6685.000000000001,5575.500000000001,2022,11,4
Toy SKU 07,2022-11-17,B,103,12.24,14.82,1526.46,265.74,2022,11,4
Toy SKU 04,2022-11-18,A,97,9.3,25.53,2476.4100000000003,1574.3100000000004,2022,11,4
Toy SKU 09,2022-11-19,C,176,13.92,41.98,7388.48,4938.5599999999995,2022,11,4
Toy SKU 20,2022-11-20,A,117,4.5,33.02,3863.34,3336.84,2022,11,4
Toy SKU 04,2022-11-21,C,75,8.34,23.02,1726.5,1101.0,2022,11,4
Toy SKU 10,2022-11-22,A,18,10.56,20.66,371.88,181.79999999999998,2022,11,4
Toy SKU 10,2022-11-23,C,152,12.12,22.75,3458.0,1615.7600000000002,2022,11,4
Toy SKU 25,2022-11-24,B,76,11.36,35.45,2694.2000000000003,1830.8400000000004,2022,11,4
Toy SKU 06,2022-11-25,B,55,5.01,38.01,2090.5499999999997,1814.9999999999998,2022,11,4
Toy SKU 27,2022-11-26,C,28,5.11,26.62,745.36,602.28,2022,11,4
Toy SKU 09,2022-11-27,A,116,3.51,23.4,2714.3999999999996,2307.24,2022,11,4
Toy SKU 02,2022-11-28,C,172,3.87,30.52,5249.44,4583.799999999999,2022,11,4
Toy SKU 23,2022-11-29,C,80,5.04,37.41,2992.7999999999997,2589.6,2022,11,4
Toy SKU 06,2022-11-30,A,182,9.16,36.03,6557.46,4890.34,2022,11,4
Toy SKU 02,2022-12-01,A,97,11.25,17.5,1697.5,606.25,2022,12,4
Toy SKU 12,2022-12-02,A,167,8.79,33.76,5637.92,4169.99,2022,12,4
Toy SKU 22,2022-12-03,B,73,5.8,15.88,1159.24,735.84,2022,12,4
Toy SKU 12,2022-12-04,B,167,4.75,11.84,1977.28,1184.03,2022,12,4
Toy SKU 11,2022-12-05,A,42,12.14,22.15,930.3,420.41999999999996,2022,12,4
Toy SKU 06,2022-12-06,C,217,4.94,30.57,6633.6900000000005,5561.710000000001,2022,12,4
Toy SKU 06,2022-12-07,B,202,12.69,41.19,8320.38,5756.999999999999,2022,12,4
Toy SKU 12,2022-12-08,C,193,5.52,16.29,3143.97,2078.6099999999997,2022,12,4
Toy SKU 15,2022-12-09,B,208,11.21,27.69,5759.52,3427.84,2022,12,4
Toy SKU 09,2022-12-10,C,124,12.2,32.45,4023.8,2511.0,2022,12,4
Toy SKU 14,2022-12-11,A,120,9.82,25.04,3004.7999999999997,1826.3999999999996,2022,12,4
Toy SKU 02,2022-12-12,B,63,7.9,34.01,2142.6299999999997,1644.9299999999996,2022,12,4
Toy SKU 04,2022-12-13,C,81,7.55,17.93,1452.33,840.78,2022,12,4
Toy SKU 17,2022-12-14,A,118,6.8,27.62,3259.1600000000003,2456.76,2022,12,4
Toy SKU 20,2022-12-15,C,186,3.51,16.01,2977.86,2325.0,2022,12,4
Toy SKU 02,2022-12-16,B,197,10.29,14.67,2889.99,862.8599999999999,2022,12,4
Toy SKU 26,2022-12-17,C,28,8.5,39.87,1116.36,878.3599999999999,2022,12,4
Toy SKU 15,2022-12-18,B,20,5.76,28.33,566.5999999999999,451.3999999999999,2022,12,4
Toy SKU 14,2022-12-19,A,71,5.75,12.27,871.17,462.91999999999996,2022,12,4
Toy SKU 21,2022-12-20,B,51,7.94,14.81,755.3100000000001,350.37000000000006,2022,12,4
Toy SKU 03,2022-12-21,A,146,6.86,20.91,3052.86,2051.3,2022,12,4
Toy SKU 26,2022-12-22,A,19,7.25,17.74,337.05999999999995,199.30999999999995,2022,12,4
Toy SKU 28,2022-12-23,B,96,12.83,39.68,3809.2799999999997,2577.5999999999995,2022,12,4
Toy SKU 07,2022-12-24,C,29,4.63,12.81,371.49,237.22,2022,12,4
Toy SKU 14,2022-12-25,B,94,12.45,33.89,3185.66,2015.36,2022,12,4
Toy SKU 04,2022-12-26,A,181,9.02,41.89,7582.09,5949.47,2022,12,4
Toy SKU 14,2022-12-27,A,52,6.9,40.31,2096.12,1737.32,2022,12,4
Toy SKU 13,2022-12-28,A,130,11.97,14.62,1900.6,344.4999999999998,2022,12,4
Toy SKU 25,2022-12-29,C,77,8.68,41.04,3160.08,2491.72,2022,12,4
Toy SKU 15,2022-12-30,C,88,7.67,28.3,2490.4,1815.44,2022,12,4
Toy SKU 15,2022-12-31,A,146,5.53,12.41,1811.8600000000001,1004.4800000000001,2022,12,4
Toy SKU 10,2023-01-01,C,191,9.69,20.84,3980.44,2129.65,2023,1,1
Toy SKU 21,2023-01-02,B,101,10.15,39.58,3997.58,2972.43,2023,1,1
Toy SKU 13,2023-01-03,C,205,7.61,19.87,4073.3500000000004,2513.3,2023,1,1
Toy SKU 09,2023-01-04,B,213,8.35,30.74,6547.62,4769.07,2023,1,1
Toy SKU 18,2023-01-05,B,125,6.87,20.41,2551.25,1692.5,2023,1,1
Toy SKU 03,2023-01-06,B,120,5.24,32.86,3943.2,3314.3999999999996,2023,1,1
Toy SKU 03,2023-01-07,C,90,5.75,27.57,2481.3,1963.8000000000002,2023,1,1
Toy SKU 23,2023-01-08,C,120,12.18,39.61,4753.2,3291.6,2023,1,1
Toy SKU 08,2023-01-09,A,134,10.52,10.74,1439.16,29.480000000000246,2023,1,1
Toy SKU 20,2023-01-10,C,187,13.2,28.11,5256.57,2788.1699999999996,2023,1,1
Toy SKU 12,2023-01-11,C,8,3.9,31.45,251.6,220.4,2023,1,1
Toy SKU 28,2023-01-12,B,25,11.31,37.12,927.9999999999999,645.2499999999999,2023,1,1
Toy SKU 01,2023-01-13,A,113,8.39,9.18,1037.34,89.26999999999987,2023,1,1
Toy SKU 18,2023-01-14,C,206,12.73,21.31,4389.86,1767.4799999999996,2023,1,1
Toy SKU 10,2023-01-15,C,127,6.34,14.3,1816.1000000000001,1010.9200000000002,2023,1,1
Toy SKU 14,2023-01-16,C,39,9.13,40.86,1593.54,1237.4699999999998,2023,1,1
Toy SKU 15,2023-01-17,A,212,12.48,15.19,3220.2799999999997,574.5199999999995,2023,1,1
Toy SKU 28,2023-01-18,B,211,7.43,12.34,2603.74,1036.0099999999998,2023,1,1
Toy SKU 27,2023-01-19,B,179,8.56,27.62,4943.9800000000005,3411.7400000000007,2023,1,1
Toy SKU 20,2023-01-20,C,162,7.96,21.21,3436.02,2146.5,2023,1,1
Toy SKU 19,2023-01-21,A,96,4.74,35.23,3382.08,2927.04,2023,1,1
Toy SKU 07,2023-01-22,C,22,6.69,37.85,832.7,685.52,2023,1,1
Toy SKU 09,2023-01-23,A,13,8.96,24.3,315.90000000000003,199.42000000000002,2023,1,1
Toy SKU 14,2023-01-24,C,130,10.52,21.43,2785.9,1418.3000000000002,2023,1,1
Toy SKU 05,2023-01-25,C,139,3.92,24.24,3369.3599999999997,2824.4799999999996,2023,1,1
Toy SKU 29,2023-01-26,B,205,4.97,15.22,3120.1,2101.25,2023,1,1
Toy SKU 07,2023-01-27,B,80,4.52,40.26,3220.7999999999997,2859.2,2023,1,1
Toy SKU 06,2023-01-28,B,55,13.73,11.66,641.3,-113.85000000000002,2023,1,1
Toy SKU 25,2023-01-29,B,146,12.65,29.93,4369.78,2522.8799999999997,2023,1,1
Toy SKU 11,2023-01-30,B,36,3.88,26.64,959.04,819.3599999999999,2023,1,1
Toy SKU 13,2023-01-31,B,218,13.57,10.33,2251.94,-706.3200000000002,2023,1,1
Toy SKU 07,2023-02-01,C,123,12.98,10.49,1290.27,-306.27,2023,2,1
Toy SKU 10,2023-02-02,A,206,12.29,12.88,2653.28,121.54000000000042,2023,2,1
Toy SKU 09,2023-02-03,A,9,5.14,26.65,239.85,193.59,2023,2,1
Toy SKU 26,2023-02-04,A,202,9.46,22.11,4466.22,2555.3,2023,2,1
Toy SKU 24,2023-02-05,B,217,13.67,19.25,4177.25,1210.8600000000001,2023,2,1
Toy SKU 02,2023-02-06,C,48,6.5,40.82,1959.3600000000001,1647.3600000000001,2023,2,1
Toy SKU 06,2023-02-07,A,150,10.93,36.39,5458.5,3819.0,2023,2,1
Toy SKU 27,2023-02-08,A,214,12.34,40.13,8587.82,5947.0599999999995,2023,2,1
Toy SKU 19,2023-02-09,A,203,9.23,26.94,5468.820000000001,3595.1300000000006,2023,2,1
Toy SKU 24,2023-02-10,C,198,13.7,32.26,6387.48,3674.8799999999997,2023,2,1
Toy SKU 23,2023-02-11,B,104,7.56,20.93,2176.72,1390.4799999999998,2023,2,1
Toy SKU 14,2023-02-12,A,90,4.44,11.56,1040.4,640.8000000000001,2023,2,1
Toy SKU 18,2023-02-13,C,161,13.27,29.2,4701.2,2564.73,2023,2,1
Toy SKU 14,2023-02-14,A,15,5.15,15.79,236.85,159.6,2023,2,1
Toy SKU 09,2023-02-15,C,181,8.92,39.89,7220.09,5605.57,2023,2,1
Toy SKU 07,2023-02-16,C,215,5.98,10.62,2283.2999999999997,997.5999999999997,2023,2,1
Toy SKU 11,2023-02-17,A,205,5.55,27.76,5690.8,4553.05,2023,2,1
Toy SKU 02,2023-02-18,B,201,9.14,29.66,5961.66,4124.5199999999995,2023,2,1
Toy SKU 24,2023-02-19,A,115,9.99,37.52,4314.8,3165.95,2023,2,1
Toy SKU 25,2023-02-20,B,209,7.15,11.99,2505.91,1011.5599999999997,2023,2,1
Toy SKU 15,2023-02-21,A,94,13.43,21.48,2019.1200000000001,756.7,2023,2,1
Toy SKU 14,2023-02-22,A,171,9.18,15.03,2570.13,1000.3500000000001,2023,2,1
Toy SKU 19,2023-02-23,A,47,10.56,23.35,1097.45,601.13,2023,2,1
Toy SKU 20,2023-02-24,C,56,11.08,14.57,815.9200000000001,195.44000000000005,2023,2,1
Toy SKU 22,2023-02-25,C,169,4.63,25.42,4295.9800000000005,3513.51,2023,2,1
Toy SKU 06,2023-02-26,B,118,8.84,23.41,2762.38,1719.2600000000002,2023,2,1
Toy SKU 09,2023-02-27,C,28,8.52,22.92,641.76,403.2,2023,2,1
Toy SKU 15,2023-02-28,C,22,9.73,16.52,363.44,149.38,2023,2,1
Toy SKU 22,2023-03-01,B,137,13.8,24.48,3353.76,1463.16,2023,3,1
Toy SKU 02,2023-03-02,B,198,8.49,10.99,2176.02,495.0,2023,3,1
Toy SKU 25,2023-03-03,C,160,11.71,23.13,3700.7999999999997,1827.1999999999996,2023,3,1
Toy SKU 20,2023-03-04,B,143,12.49,29.83,4265.69,2479.62,2023,3,1
Toy SKU 10,2023-03-05,B,100,10.55,40.7,4070.0000000000005,3015.0000000000005,2023,3,1
Toy SKU 20,2023-03-06,C,86,7.96,35.8,3078.7999999999997,2394.24,2023,3,1
Toy SKU 12,2023-03-07,B,17,8.33,16.11,273.87,132.26,2023,3,1
Toy SKU 23,2023-03-08,B,165,4.88,15.55,2565.75,1760.5500000000002,2023,3,1
Toy SKU 12,2023-03-09,B,32,12.89,18.0,576.0,163.51999999999998,2023,3,1
Toy SKU 23,2023-03-10,B,31,13.54,14.1,437.09999999999997,17.360000000000014,2023,3,1
Toy SKU 09,2023-03-11,A,91,9.06,38.13,3469.8300000000004,2645.3700000000003,2023,3,1
Toy SKU 09,2023-03-12,C,169,10.94,14.78,2497.8199999999997,648.9599999999998,2023,3,1
Toy SKU 23,2023-03-13,B,174,5.05,18.02,3135.48,2256.78,2023,3,1
Toy SKU 15,2023-03-14,A,73,4.84,27.16,1982.68,1629.3600000000001,2023,3,1
Toy SKU 25,2023-03-15,C,39,8.55,34.81,1357.5900000000001,1024.14,2023,3,1
Toy SKU 03,2023-03-16,B,166,12.06,23.79,3949.14,1947.1799999999998,2023,3,1
Toy SKU 14,2023-03-17,C,66,7.29,14.82,978.12,496.98,2023,3,1
Toy SKU 08,2023-03-18,A,107,7.62,16.95,1813.6499999999999,998.3099999999998,2023,3,1
Toy SKU 28,2023-03-19,C,45,6.36,13.32,599.4,313.2,2023,3,1
Toy SKU 10,2023-03-20,A,101,6.68,21.19,2140.19,1465.5100000000002,2023,3,1
Toy SKU 28,2023-03-21,A,122,13.27,25.43,3102.46,1483.52,2023,3,1
Toy SKU 23,2023-03-22,B,144,12.61,41.96,6042.24,4226.4,2023,3,1
Toy SKU 15,2023-03-23,B,101,13.04,35.12,3547.12,2230.08,2023,3,1
Toy SKU 27,2023-03-24,B,105,4.35,9.52,999.5999999999999,542.8499999999999,2023,3,1
Toy SKU 18,2023-03-25,B,107,7.78,27.75,2969.25,2136.79,2023,3,1
Toy SKU 15,2023-03-26,C,125,12.28,12.59,1573.75,38.75,2023,3,1
Toy SKU 22,2023-03-27,A,49,12.4,41.83,2049.67,1442.0700000000002,2023,3,1
Toy SKU 24,2023-03-28,C,193,12.84,19.37,3738.4100000000003,1260.2900000000004,2023,3,1
Toy SKU 04,2023-03-29,B,166,9.87,39.98,6636.679999999999,4998.259999999999,2023,3,1
Toy SKU 09,2023-03-30,B,81,9.35,18.78,1521.18,763.83,2023,3,1
Toy SKU 07,2023-03-31,A,55,4.11,40.33,2218.15,1992.1000000000001,2023,3,1
Toy SKU 06,2023-04-01,C,93,12.26,31.48,2927.64,1787.4599999999998,2023,4,2
Toy SKU 21,2023-04-02,A,164,12.03,17.74,2909.3599999999997,936.4399999999998,2023,4,2
Toy SKU 06,2023-04-03,C,201,4.97,31.36,6303.36,5304.389999999999,2023,4,2
Toy SKU 30,2023-04-04,C,97,6.4,40.83,3960.5099999999998,3339.7099999999996,2023,4,2
Toy SKU 08,2023-04-05,B,64,8.01,23.27,1489.28,976.64,2023,4,2
Toy SKU 21,2023-04-06,A,172,11.6,21.48,3694.56,1699.36,2023,4,2
Toy SKU 24,2023-04-07,C,185,5.74,9.14,1690.9,629.0,2023,4,2
Toy SKU 18,2023-04-08,B,85,3.91,15.86,1348.1,1015.7499999999999,2023,4,2
Toy SKU 30,2023-04-09,C,118,12.0,11.94,1408.9199999999998,-7.080000000000155,2023,4,2
Toy SKU 05,2023-04-10,B,79,7.4,15.23,1203.17,618.57,2023,4,2
Toy SKU 23,2023-04-11,A,49,7.81,24.82,1216.18,833.49,2023,4,2
Toy SKU 23,2023-04-12,C,119,10.75,41.44,4931.36,3652.1099999999997,2023,4,2
Toy SKU 20,2023-04-13,A,95,7.74,39.47,3749.65,3014.35,2023,4,2
Toy SKU 03,2023-04-14,A,218,11.42,12.23,2666.14,176.57999999999993,2023,4,2
Toy SKU 22,2023-04-15,B,107,5.61,15.12,1617.84,1017.5699999999999,2023,4,2
Toy SKU 13,2023-04-16,B,58,11.86,38.95,2259.1000000000004,1571.2200000000003,2023,4,2
Toy SKU 09,2023-04-17,B,178,6.29,18.05,3212.9,2093.2799999999997,2023,4,2
Toy SKU 04,2023-04-18,A,66,13.41,22.27,1469.82,584.7599999999999,2023,4,2
Toy SKU 05,2023-04-19,C,55,12.39,22.17,1219.3500000000001,537.9000000000001,2023,4,2
Toy SKU 08,2023-04-20,A,26,10.21,34.84,905.8400000000001,640.3800000000001,2023,4,2
Toy SKU 05,2023-04-21,A,52,13.13,37.08,1928.1599999999999,1245.3999999999999,2023,4,2
Toy SKU 08,2023-04-22,C,23,4.03,37.62,865.26,772.5699999999999,2023,4,2
Toy SKU 07,2023-04-23,B,72,10.0,34.08,2453.7599999999998,1733.7599999999998,2023,4,2
Toy SKU 19,2023-04-24,A,33,13.35,33.04,1090.32,649.77,2023,4,2
Toy SKU 24,2023-04-25,C,101,12.71,26.41,2667.41,1383.6999999999998,2023,4,2
Toy SKU 30,2023-04-26,C,17,11.37,18.5,314.5,121.21000000000001,2023,4,2
Toy SKU 25,2023-04-27,B,32,6.0,25.59,818.88,626.88,2023,4,2
Toy SKU 21,2023-04-28,B,115,7.65,34.97,4021.5499999999997,3141.7999999999997,2023,4,2
Toy SKU 18,2023-04-29,C,201,6.09,33.31,6695.31,5471.22,2023,4,2
Toy SKU 09,2023-04-30,C,61,5.48,35.24,2149.6400000000003,1815.3600000000004,2023,4,2
Toy SKU 16,2023-05-01,B,211,11.08,39.29,8290.19,5952.31,2023,5,2
Toy SKU 05,2023-05-02,C,91,10.2,24.64,2242.2400000000002,1314.0400000000004,2023,5,2
Toy SKU 11,2023-05-03,A,217,4.48,22.61,4906.37,3934.21,2023,5,2
Toy SKU 19,2023-05-04,C,28,11.77,21.63,605.64,276.08,2023,5,2
Toy SKU 09,2023-05-05,B,215,12.78,18.94,4072.1000000000004,1324.4000000000005,2023,5,2
Toy SKU 08,2023-05-06,C,51,9.87,30.73,1567.23,1063.8600000000001,2023,5,2
Toy SKU 11,2023-05-07,C,183,3.76,16.27,2977.41,2289.33,2023,5,2
Toy SKU 28,2023-05-08,C,75,8.7,10.82,811.5,159.0,2023,5,2
Toy SKU 17,2023-05-09,B,81,12.58,10.02,811.62,-207.36,2023,5,2
Toy SKU 26,2023-05-10,B,96,4.03,33.74,3239.04,2852.16,2023,5,2
Toy SKU 29,2023-05-11,B,62,12.6,33.62,2084.44,1303.2400000000002,2023,5,2
Toy SKU 23,2023-05-12,C,71,9.08,34.72,2465.12,1820.44,2023,5,2
Toy SKU 07,2023-05-13,C,60,5.92,9.9,594.0,238.8,2023,5,2
Toy SKU 11,2023-05-14,C,101,10.17,33.55,3388.5499999999997,2361.3799999999997,2023,5,2
Toy SKU 22,2023-05-15,C,120,8.5,23.83,2859.6,1839.6,2023,5,2
Toy SKU 02,2023-05-16,B,73,12.82,35.79,2612.67,1676.81,2023,5,2
Toy SKU 07,2023-05-17,A,82,9.58,13.65,1119.3,333.7399999999999,2023,5,2
Toy SKU 08,2023-05-18,C,43,13.18,19.96,858.2800000000001,291.5400000000001,2023,5,2
Toy SKU 28,2023-05-19,C,43,5.72,11.97,514.71,268.75000000000006,2023,5,2
Toy SKU 06,2023-05-20,A,88,13.89,11.44,1006.7199999999999,-215.60000000000025,2023,5,2
Toy SKU 03,2023-05-21,A,36,12.19,28.15,1013.4,574.56,2023,5,2
Toy SKU 03,2023-05-22,C,15,12.76,30.07,451.05,259.65,2023,5,2
Toy SKU 19,2023-05-23,B,118,10.98,23.76,2803.6800000000003,1508.0400000000002,2023,5,2
Toy SKU 22,2023-05-24,B,43,5.28,35.29,1517.47,1290.43,2023,5,2
Toy SKU 15,2023-05-25,C,63,5.11,17.13,1079.1899999999998,757.2599999999998,2023,5,2
Toy SKU 24,2023-05-26,C,154,10.7,37.26,5738.04,4090.24,2023,5,2
Toy SKU 10,2023-05-27,C,24,11.53,19.15,459.59999999999997,182.88,2023,5,2
Toy SKU 23,2023-05-28,A,103,13.05,18.74,1930.2199999999998,586.0699999999997,2023,5,2
Toy SKU 21,2023-05-29,C,128,6.54,27.29,3493.12,2656.0,2023,5,2
Toy SKU 09,2023-05-30,B,102,10.05,13.46,1372.92,347.81999999999994,2023,5,2
Toy SKU 19,2023-05-31,A,155,10.58,31.53,4887.150000000001,3247.2500000000005,2023,5,2
Toy SKU 19,2023-06-01,A,167,7.79,11.86,1980.62,679.6899999999998,2023,6,2
Toy SKU 14,2023-06-02,C,55,8.13,33.52,1843.6000000000001,1396.45,2023,6,2
Toy SKU 24,2023-06-03,A,187,9.23,34.09,6374.830000000001,4648.820000000001,2023,6,2
Toy SKU 25,2023-06-04,C,108,8.74,29.45,3180.6,2236.68,2023,6,2
Toy SKU 22,2023-06-05,C,205,9.05,28.87,5918.35,4063.1000000000004,2023,6,2
Toy SKU 15,2023-06-06,C,164,4.25,26.02,4267.28,3570.2799999999997,2023,6,2
Toy SKU 21,2023-06-07,B,117,8.68,24.45,2860.65,1845.0900000000001,2023,6,2
Toy SKU 28,2023-06-08,C,211,8.23,14.97,3158.67,1422.1399999999999,2023,6,2
Toy SKU 13,2023-06-09,A,38,3.51,23.25,883.5,750.12,2023,6,2
Toy SKU 03,2023-06-10,B,171,11.2,10.06,1720.26,-194.93999999999983,2023,6,2
Toy SKU 07,2023-06-11,B,214,13.38,14.52,3107.2799999999997,243.95999999999958,2023,6,2
Toy SKU 05,2023-06-12,B,140,6.93,30.17,4223.8,3253.6000000000004,2023,6,2
Toy SKU 10,2023-06-13,B,69,5.92,38.89,2683.41,2274.93,2023,6,2
Toy SKU 23,2023-06-14,C,114,11.44,37.04,4222.5599999999995,2918.3999999999996,2023,6,2
Toy SKU 11,2023-06-15,C,179,6.51,17.26,3089.5400000000004,1924.2500000000005,2023,6,2
Toy SKU 07,2023-06-16,C,63,9.62,41.79,2632.77,2026.71,2023,6,2
Toy SKU 01,2023-06-17,C,31,10.21,37.38,1158.78,842.27,2023,6,2
Toy SKU 16,2023-06-18,B,205,5.64,26.44,5420.2,4264.0,2023,6,2
Toy SKU 21,2023-06-19,C,55,8.12,41.53,2284.15,1837.5500000000002,2023,6,2
Toy SKU 10,2023-06-20,B,216,13.01,35.35,7635.6,4825.4400000000005,2023,6,2
Toy SKU 29,2023-06-21,A,16,9.25,27.51,440.16,292.16,2023,6,2
Toy SKU 10,2023-06-22,A,115,10.19,22.47,2584.0499999999997,1412.1999999999998,2023,6,2
Toy SKU 21,2023-06-23,C,179,6.97,13.2,2362.7999999999997,1115.1699999999998,2023,6,2
Toy SKU 11,2023-06-24,B,48,12.43,23.73,1139.04,542.4,2023,6,2
Toy SKU 02,2023-06-25,A,30,9.32,9.7,291.0,11.399999999999977,2023,6,2
Toy SKU 23,2023-06-26,C,75,5.36,30.64,2298.0,1896.0,2023,6,2
Toy SKU 27,2023-06-27,A,153,4.08,28.2,4314.599999999999,3690.3599999999997,2023,6,2
Toy SKU 02,2023-06-28,C,12,12.41,14.13,169.56,20.639999999999986,2023,6,2
Toy SKU 16,2023-06-29,B,56,8.15,11.37,636.7199999999999,180.31999999999988,2023,6,2
Toy SKU 14,2023-06-30,B,178,12.88,9.36,1666.08,-626.5600000000004,2023,6,2
Toy SKU 17,2023-07-01,A,133,9.27,13.95,1855.35,622.44,2023,7,3
Toy SKU 28,2023-07-02,C,50,10.43,32.92,1646.0,1124.5,2023,7,3
Toy SKU 06,2023-07-03,B,211,8.69,18.91,3990.01,2156.42,2023,7,3
Toy SKU 29,2023-07-04,C,109,7.28,16.41,1788.69,995.1700000000001,2023,7,3
Toy SKU 23,2023-07-05,A,30,10.97,9.61,288.29999999999995,-40.80000000000007,2023,7,3
Toy SKU 11,2023-07-06,A,101,10.26,29.14,2943.14,1906.8799999999999,2023,7,3
Toy SKU 19,2023-07-07,C,118,10.97,12.39,1462.02,167.55999999999995,2023,7,3
Toy SKU 25,2023-07-08,C,108,9.84,17.1,1846.8000000000002,784.0800000000002,2023,7,3
Toy SKU 06,2023-07-09,A,191,8.28,22.66,4328.06,2746.580000000001,2023,7,3
Toy SKU 07,2023-07-10,A,45,12.16,39.55,1779.7499999999998,1232.5499999999997,2023,7,3
Toy SKU 14,2023-07-11,A,137,3.69,39.52,5414.240000000001,4908.710000000001,2023,7,3
Toy SKU 28,2023-07-12,B,209,3.63,34.18,7143.62,6384.95,2023,7,3
Toy SKU 22,2023-07-13,C,49,13.69,27.16,1330.84,660.03,2023,7,3
Toy SKU 28,2023-07-14,C,24,12.42,29.26,702.24,404.16,2023,7,3
Toy SKU 29,2023-07-15,B,109,9.5,14.07,1533.63,498.1300000000001,2023,7,3
Toy SKU 13,2023-07-16,B,164,4.29,33.08,5425.12,4721.5599999999995,2023,7,3
Toy SKU 06,2023-07-17,C,119,8.85,19.3,2296.7000000000003,1243.5500000000004,2023,7,3
Toy SKU 15,2023-07-18,C,213,11.2,21.18,4511.34,2125.7400000000002,2023,7,3
Toy SKU 30,2023-07-19,A,87,8.37,40.1,3488.7000000000003,2760.51,2023,7,3
Toy SKU 07,2023-07-20,B,163,5.76,37.37,6091.3099999999995,5152.429999999999,2023,7,3
Toy SKU 20,2023-07-21,B,50,6.04,29.42,1471.0,1169.0,2023,7,3
Toy SKU 26,2023-07-22,B,204,6.21,31.87,6501.4800000000005,5234.64,2023,7,3
Toy SKU 20,2023-07-23,C,122,4.43,31.25,3812.5,3272.04,2023,7,3
Toy SKU 05,2023-07-24,C,80,4.25,24.69,1975.2,1635.2,2023,7,3
Toy SKU 23,2023-07-25,C,37,7.02,36.91,1365.6699999999998,1105.9299999999998,2023,7,3
Toy SKU 09,2023-07-26,C,118,12.35,23.73,2800.14,1342.84,2023,7,3
Toy SKU 25,2023-07-27,C,61,4.72,38.21,2330.81,2042.8899999999999,2023,7,3
Toy SKU 20,2023-07-28,C,111,4.99,14.04,1558.4399999999998,1004.5499999999998,2023,7,3
Toy SKU 06,2023-07-29,C,36,6.51,13.61,489.96,255.6,2023,7,3
Toy SKU 02,2023-07-30,A,101,7.85,26.22,2648.22,1855.37,2023,7,3
Toy SKU 09,2023-07-31,A,98,9.95,21.33,2090.3399999999997,1115.2399999999998,2023,7,3
Toy SKU 01,2023-08-01,A,146,4.64,9.45,1379.6999999999998,702.2599999999999,2023,8,3
Toy SKU 14,2023-08-02,A,79,7.64,35.74,2823.46,2219.9,2023,8,3
Toy SKU 14,2023-08-03,A,88,9.07,28.59,2515.92,1717.76,2023,8,3
Toy SKU 05,2023-08-04,A,142,7.12,22.9,3251.7999999999997,2240.7599999999998,2023,8,3
Toy SKU 16,2023-08-05,C,29,11.72,40.1,1162.9,823.0200000000001,2023,8,3
Toy SKU 10,2023-08-06,A,215,11.52,18.4,3955.9999999999995,1479.1999999999998,2023,8,3
Toy SKU 19,2023-08-07,C,174,10.14,39.66,6900.839999999999,5136.48,2023,8,3
Toy SKU 30,2023-08-08,C,164,8.17,27.05,4436.2,3096.3199999999997,2023,8,3
Toy SKU 02,2023-08-09,B,39,7.03,41.59,1622.0100000000002,1347.8400000000001,2023,8,3
Toy SKU 06,2023-08-10,A,24,12.35,19.69,472.56000000000006,176.16000000000008,2023,8,3
Toy SKU 14,2023-08-11,A,109,13.77,24.67,2689.03,1188.1000000000001,2023,8,3
Toy SKU 01,2023-08-12,A,51,13.43,17.77,906.27,221.34000000000003,2023,8,3
Toy SKU 02,2023-08-13,C,114,4.45,22.98,2619.7200000000003,2112.42,2023,8,3
Toy SKU 01,2023-08-14,C,162,13.7,17.54,2841.48,622.0799999999999,2023,8,3
Toy SKU 16,2023-08-15,C,114,12.53,23.79,2712.06,1283.64,2023,8,3
Toy SKU 04,2023-08-16,A,95,7.59,26.51,2518.4500000000003,1797.4000000000003,2023,8,3
Toy SKU 26,2023-08-17,C,215,5.46,18.95,4074.25,2900.35,2023,8,3
Toy SKU 06,2023-08-18,A,93,5.6,31.44,2923.92,2403.12,2023,8,3
Toy SKU 12,2023-08-19,B,46,10.59,17.69,813.74,326.6,2023,8,3
Toy SKU 16,2023-08-20,B,92,11.03,24.39,2243.88,1229.1200000000001,2023,8,3
Toy SKU 11,2023-08-21,B,84,12.45,27.87,2341.08,1295.28,2023,8,3
Toy SKU 08,2023-08-22,A,16,7.1,10.29,164.64,51.03999999999999,2023,8,3
Toy SKU 28,2023-08-23,B,112,4.8,16.87,1889.44,1351.8400000000001,2023,8,3
Toy SKU 21,2023-08-24,C,80,11.97,39.92,3193.6000000000004,2236.0000000000005,2023,8,3
Toy SKU 04,2023-08-25,A,136,10.96,32.55,4426.799999999999,2936.239999999999,2023,8,3
Toy SKU 21,2023-08-26,C,111,5.21,26.13,2900.43,2322.12,2023,8,3
Toy SKU 11,2023-08-27,C,121,5.37,29.23,3536.83,2887.06,2023,8,3
Toy SKU 11,2023-08-28,A,23,6.28,10.31,237.13000000000002,92.69000000000003,2023,8,3
Toy SKU 28,2023-08-29,C,30,6.02,18.04,541.1999999999999,360.5999999999999,2023,8,3
Toy SKU 25,2023-08-30,A,82,5.53,21.49,1762.1799999999998,1308.7199999999998,2023,8,3
Toy SKU 09,2023-08-31,B,89,7.06,19.82,1763.98,1135.64,2023,8,3
Toy SKU 10,2023-09-01,A,136,5.62,33.97,4619.92,3855.6,2023,9,3
Toy SKU 01,2023-09-02,B,218,13.25,25.64,5589.52,2701.0200000000004,2023,9,3
Toy SKU 24,2023-09-03,B,205,11.63,34.24,7019.200000000001,4635.050000000001,2023,9,3
Toy SKU 10,2023-09-04,C,186,12.9,23.33,4339.38,1939.98,2023,9,3
Toy SKU 04,2023-09-05,C,159,6.74,39.66,6305.94,5234.28,2023,9,3
Toy SKU 25,2023-09-06,B,28,13.94,34.41,963.4799999999999,573.1599999999999,2023,9,3
Toy SKU 02,2023-09-07,A,66,3.86,34.42,2271.7200000000003,2016.9600000000003,2023,9,3
Toy SKU 20,2023-09-08,C,177,9.83,37.28,6598.56,4858.650000000001,2023,9,3
Toy SKU 11,2023-09-09,A,167,7.85,10.4,1736.8,425.8499999999999,2023,9,3
Toy SKU 09,2023-09-10,B,103,6.28,21.96,2261.88,1615.04,2023,9,3
Toy SKU 26,2023-09-11,B,18,6.34,38.49,692.82,578.7,2023,9,3
Toy SKU 27,2023-09-12,C,98,6.94,25.58,2506.8399999999997,1826.7199999999998,2023,9,3
Toy SKU 02,2023-09-13,B,107,8.78,14.01,1499.07,559.61,2023,9,3
Toy SKU 08,2023-09-14,C,82,9.44,22.64,1856.48,1082.4,2023,9,3
Toy SKU 15,2023-09-15,C,212,13.68,34.9,7398.799999999999,4498.639999999999,2023,9,3
Toy SKU 08,2023-09-16,B,213,12.3,13.69,2915.97,296.0699999999997,2023,9,3
Toy SKU 28,2023-09-17,B,126,12.09,28.28,3563.28,2039.9400000000003,2023,9,3
Toy SKU 06,2023-09-18,A,63,13.26,12.8,806.4000000000001,-28.979999999999905,2023,9,3
Toy SKU 11,2023-09-19,B,89,4.12,28.73,2556.9700000000003,2190.2900000000004,2023,9,3
Toy SKU 22,2023-09-20,A,180,4.21,25.9,4662.0,3904.2,2023,9,3
Toy SKU 09,2023-09-21,A,22,4.75,39.92,878.24,773.74,2023,9,3
Toy SKU 20,2023-09-22,A,197,5.45,19.67,3874.9900000000002,2801.34,2023,9,3
Toy SKU 04,2023-09-23,B,78,8.15,14.16,1104.48,468.78,2023,9,3
Toy SKU 22,2023-09-24,C,30,14.0,24.03,720.9000000000001,300.9000000000001,2023,9,3
Toy SKU 10,2023-09-25,C,62,13.18,11.9,737.8000000000001,-79.3599999999999,2023,9,3
Toy SKU 15,2023-09-26,C,32,13.26,40.27,1288.64,864.3200000000002,2023,9,3
Toy SKU 11,2023-09-27,A,77,8.25,22.73,1750.21,1114.96,2023,9,3
Toy SKU 11,2023-09-28,A,48,12.93,17.36,833.28,212.64,2023,9,3
Toy SKU 15,2023-09-29,C,137,3.91,30.57,4188.09,3652.42,2023,9,3
Toy SKU 03,2023-09-30,A,79,10.38,12.1,955.9,135.87999999999988,2023,9,3
Toy SKU 24,2023-10-01,C,196,12.7,13.5,2646.0,156.80000000000018,2023,10,4
Toy SKU 23,2023-10-02,C,75,7.37,26.73,2004.75,1452.0,2023,10,4
Toy SKU 15,2022-01-01,A,185,7.37,17.4,3218.9999999999995,1855.5499999999995,2022,1,1
Toy SKU 02,2022-01-02,B,89,5.57,17.64,1569.96,1074.23,2022,1,1
Toy SKU 10,2022-01-03,B,77,7.13,26.62,2049.7400000000002,1500.7300000000002,2022,1,1
Toy SKU 12,2022-01-04,C,171,7.48,28.39,4854.6900000000005,3575.6100000000006,2022,1,1
Toy SKU 08,2022-01-05,C,71,13.05,35.19,2498.49,1571.9399999999996,2022,1,1
Toy SKU 16,2022-01-06,B,20,8.01,32.04,640.8,480.59999999999997,2022,1,1
Toy SKU 17,2022-01-07,C,177,4.47,27.55,4876.35,4085.1600000000003,2022,1,1
Toy SKU 14,2022-01-08,A,34,11.39,25.75,875.5,488.24,2022,1,1
Toy SKU 03,2022-01-09,C,184,10.1,29.21,5374.64,3516.2400000000007,2022,1,1
Toy SKU 27,2022-01-10,B,167,12.35,37.68,6292.56,4230.110000000001,2022,1,1
Toy SKU 02,2022-01-11,A,28,5.77,37.39,1046.92,885.3600000000001,2022,1,1
Toy SKU 17,2022-01-12,C,145,7.91,15.21,2205.4500000000003,1058.5000000000002,2022,1,1
Toy SKU 27,2022-01-13,B,157,5.65,12.09,1898.1299999999999,1011.0799999999998,2022,1,1
Toy SKU 22,2022-01-14,B,196,11.52,15.59,3055.64,797.7199999999998,2022,1,1
Toy SKU 09,2022-01-15,A,49,10.94,29.15,1428.35,892.29,2022,1,1
Toy SKU 30,2022-01-16,A,73,6.64,10.3,751.9000000000001,267.1800000000001,2022,1,1
Toy SKU 03,2022-01-17,C,138,3.55,33.07,4563.66,4073.7599999999998,2022,1,1
Toy SKU 02,2022-01-18,C,209,11.44,24.56,5133.04,2742.08,2022,1,1
Toy SKU 08,2022-01-19,B,192,6.91,26.22,5034.24,3707.5199999999995,2022,1,1
Toy SKU 14,2022-01-20,B,99,9.78,38.64,3825.36,2857.1400000000003,2022,1,1
Toy SKU 19,2022-01-21,C,183,7.54,14.96,2737.6800000000003,1357.8600000000004,2022,1,1
Toy SKU 03,2022-01-22,C,82,6.52,14.76,1210.32,675.68,2022,1,1
Toy SKU 04,2022-01-23,C,182,13.15,10.08,1834.56,-558.7400000000002,2022,1,1
Toy SKU 15,2022-01-24,C,22,7.73,11.65,256.3,86.24000000000001,2022,1,1
Toy SKU 09,2022-01-25,A,92,5.69,15.54,1429.6799999999998,906.1999999999998,2022,1,1
Toy SKU 30,2022-01-26,A,129,8.73,28.15,3631.35,2505.18,2022,1,1
Toy SKU 05,2022-01-27,B,74,4.96,23.14,1712.3600000000001,1345.3200000000002,2022,1,1
Toy SKU 25,2022-01-28,A,154,12.62,21.2,3264.7999999999997,1321.32,2022,1,1
Toy SKU 17,2022-01-29,B,146,5.29,11.28,1646.8799999999999,874.5399999999998,2022,1,1
Toy SKU 03,2022-01-30,B,162,6.52,32.88,5326.56,4270.320000000001,2022,1,1
Toy SKU 01,2022-01-31,A,217,12.27,11.93,2588.81,-73.77999999999975,2022,1,1
Toy SKU 26,2022-02-01,A,13,4.09,37.17,483.21000000000004,430.04,2022,2,1
Toy SKU 23,2022-02-02,A,107,7.98,35.25,3771.75,2917.89,2022,2,1
Toy SKU 17,2022-02-03,C,111,8.76,41.64,4622.04,3649.68,2022,2,1
Toy SKU 13,2022-02-04,A,129,4.04,24.76,3194.0400000000004,2672.8800000000006,2022,2,1
Toy SKU 25,2022-02-05,A,195,10.48,31.61,6163.95,4120.349999999999,2022,2,1
Toy SKU 23,2022-02-06,A,183,7.35,26.21,4796.43,3451.38,2022,2,1
Toy SKU 13,2022-02-07,A,105,6.93,19.08,2003.3999999999999,1275.75,2022,2,1
Toy SKU 23,2022-02-08,A,191,5.07,37.78,7215.9800000000005,6247.610000000001,2022,2,1
Toy SKU 11,2022-02-09,A,135,4.9,31.9,4306.5,3645.0,2022,2,1
Toy SKU 30,2022-02-10,C,28,5.08,9.28,259.84,117.59999999999997,2022,2,1
Toy SKU 08,2022-02-11,A,18,11.5,41.58,748.4399999999999,541.4399999999999,2022,2,1
Toy SKU 09,2022-02-12,A,79,4.25,28.54,2254.66,1918.9099999999999,2022,2,1
Toy SKU 23,2022-02-13,B,168,7.27,9.36,1572.48,351.1200000000001,2022,2,1
Toy SKU 10,2022-02-14,B,49,6.2,15.25,747.25,443.45,2022,2,1
Toy SKU 30,2022-02-15,B,34,9.33,28.68,975.12,657.9,2022,2,1
Toy SKU 07,2022-02-16,C,154,12.87,35.59,5480.860000000001,3498.880000000001,2022,2,1
Toy SKU 23,2022-02-17,A,60,9.34,18.81,1128.6,568.1999999999999,2022,2,1
Toy SKU 27,2022-02-18,A,121,10.66,41.16,4980.36,3690.4999999999995,2022,2,1
Toy SKU 28,2022-02-19,B,96,9.14,25.07,2406.7200000000003,1529.2800000000002,2022,2,1
Toy SKU 11,2022-02-20,A,90,9.04,11.22,1009.8000000000001,196.20000000000016,2022,2,1
Toy SKU 08,2022-02-21,C,205,4.8,15.53,3183.65,2199.65,2022,2,1
Toy SKU 23,2022-02-22,C,185,12.95,32.95,6095.750000000001,3700.000000000001,2022,2,1
Toy SKU 03,2022-02-23,A,22,10.76,29.84,656.48,419.76,2022,2,1
Toy SKU 08,2022-02-24,C,20,11.04,28.34,566.8,346.0,2022,2,1
Toy SKU 25,2022-02-25,B,76,10.82,40.58,3084.08,2261.7599999999998,2022,2,1
Toy SKU 02,2022-02-26,B,48,8.09,33.95,1629.6000000000001,1241.2800000000002,2022,2,1
Toy SKU 20,2022-02-27,B,219,5.18,15.68,3433.92,2299.5,2022,2,1
Toy SKU 21,2022-02-28,B,79,9.5,10.62,838.9799999999999,88.4799999999999,2022,2,1
Toy SKU 15,2022-03-01,B,93,9.62,28.31,2632.83,1738.17,2022,3,1
Toy SKU 11,2022-03-02,B,139,10.24,35.08,4876.12,3452.7599999999998,2022,3,1
Toy SKU 22,2022-03-03,C,140,9.14,29.0,4060.0,2780.3999999999996,2022,3,1
Toy SKU 24,2022-03-04,A,30,9.04,37.81,1134.3000000000002,863.1000000000001,2022,3,1
Toy SKU 09,2022-03-05,B,151,4.45,28.55,4311.05,3639.1000000000004,2022,3,1
Toy SKU 06,2022-03-06,A,11,12.19,28.58,314.38,180.29,2022,3,1
Toy SKU 23,2022-03-07,C,133,7.06,23.73,3156.09,2217.11,2022,3,1
Toy SKU 26,2022-03-08,C,15,8.96,21.15,317.25,182.85,2022,3,1
Toy SKU 22,2022-03-09,A,18,5.0,15.37,276.65999999999997,186.65999999999997,2022,3,1
Toy SKU 05,2022-03-10,B,202,8.8,16.75,3383.5,1605.8999999999999,2022,3,1
Toy SKU 29,2022-03-11,C,30,7.05,35.92,1077.6000000000001,866.1000000000001,2022,3,1
Toy SKU 26,2022-03-12,B,185,11.93,12.66,2342.1,135.05000000000018,2022,3,1
Toy SKU 24,2022-03-13,C,137,13.57,22.27,3050.99,1191.8999999999996,2022,3,1
Toy SKU 06,2022-03-14,A,212,12.78,26.23,5560.76,2851.4000000000005,2022,3,1
Toy SKU 28,2022-03-15,C,125,5.72,36.04,4505.0,3790.0,2022,3,1
Toy SKU 21,2022-03-16,B,49,10.67,40.37,1978.1299999999999,1455.2999999999997,2022,3,1
Toy SKU 02,2022-03-17,B,183,6.41,10.76,1969.08,796.05,2022,3,1
Toy SKU 18,2022-03-18,C,147,9.09,30.2,4439.4,3103.1699999999996,2022,3,1
Toy SKU 29,2022-03-19,C,106,7.91,12.94,1371.6399999999999,533.1799999999998,2022,3,1
Toy SKU 08,2022-03-20,A,156,12.28,13.81,2154.36,238.6800000000003,2022,3,1
Toy SKU 07,2022-03-21,A,56,9.26,16.1,901.6000000000001,383.0400000000002,2022,3,1
Toy SKU 11,2022-03-22,A,92,7.36,29.66,2728.72,2051.6,2022,3,1
Toy SKU 17,2022-03-23,A,201,5.09,39.14,7867.14,6844.05,2022,3,1
Toy SKU 02,2022-03-24,C,208,10.13,29.46,6127.68,4020.6400000000003,2022,3,1
Toy SKU 25,2022-03-25,B,143,10.75,9.54,1364.2199999999998,-173.0300000000002,2022,3,1
Toy SKU 02,2022-03-26,C,200,11.71,21.45,4290.0,1948.0,2022,3,1
Toy SKU 18,2022-03-27,A,10,8.85,25.74,257.4,168.89999999999998,2022,3,1
Toy SKU 01,2022-03-28,B,118,6.12,26.41,3116.38,2394.2200000000003,2022,3,1
Toy SKU 11,2022-03-29,C,87,13.68,14.71,1279.77,89.6099999999999,2022,3,1
Toy SKU 19,2022-03-30,A,206,9.2,25.48,5248.88,3353.6800000000003,2022,3,1
Toy SKU 09,2022-03-31,A,144,13.48,18.41,2651.04,709.9199999999998,2022,3,1
Toy SKU 17,2022-04-01,C,218,6.26,24.3,5297.400000000001,3932.7200000000003,2022,4,2
Toy SKU 01,2022-04-02,C,14,9.99,31.38,439.32,299.46,2022,4,2
Toy SKU 04,2022-04-03,C,60,9.84,22.07,1324.2,733.8000000000001,2022,4,2
Toy SKU 16,2022-04-04,B,16,4.55,30.61,489.76,416.96,2022,4,2
Toy SKU 03,2022-04-05,C,87,9.35,33.78,2938.86,2125.4100000000003,2022,4,2
Toy SKU 01,2022-04-06,B,183,9.22,29.46,5391.18,3703.92,2022,4,2
Toy SKU 08,2022-04-07,C,177,4.78,39.56,7002.120000000001,6156.06,2022,4,2
Toy SKU 26,2022-04-08,B,13,12.28,11.53,149.89,-9.75,2022,4,2
Toy SKU 22,2022-04-09,A,82,8.18,20.03,1642.46,971.7,2022,4,2
Toy SKU 01,2022-04-10,A,43,8.24,22.28,958.0400000000001,603.72,2022,4,2
Toy SKU 26,2022-04-11,C,143,10.35,13.11,1874.73,394.68000000000006,2022,4,2
Toy SKU 27,2022-04-12,C,70,13.09,11.93,835.1,-81.19999999999993,2022,4,2
Toy SKU 12,2022-04-13,B,206,13.48,22.57,4649.42,1872.54,2022,4,2
Toy SKU 29,2022-04-14,C,149,8.3,33.86,5045.14,3808.4400000000005,2022,4,2
Toy SKU 15,2022-04-15,A,29,9.95,16.67,483.43000000000006,194.8800000000001,2022,4,2
Toy SKU 05,2022-04-16,C,149,7.19,38.26,5700.74,4629.43,2022,4,2
Toy SKU 28,2022-04-17,C,119,11.62,17.95,2136.0499999999997,753.2699999999998,2022,4,2
Toy SKU 15,2022-04-18,A,112,5.57,37.41,4189.92,3566.08,2022,4,2
Toy SKU 17,2022-04-19,C,201,12.71,40.67,8174.67,5619.96,2022,4,2
Toy SKU 28,2022-04-20,B,56,13.28,27.85,1559.6000000000001,815.9200000000002,2022,4,2
Toy SKU 05,2022-04-21,B,159,7.1,18.52,2944.68,1815.78,2022,4,2
Toy SKU 17,2022-04-22,C,59,4.37,25.39,1498.01,1240.18,2022,4,2
Toy SKU 25,2022-04-23,C,123,8.97,23.14,2846.2200000000003,1742.91,2022,4,2
Toy SKU 19,2022-04-24,A,106,5.7,36.16,3832.9599999999996,3228.7599999999993,2022,4,2
Toy SKU 12,2022-04-25,A,159,11.48,27.97,4447.23,2621.9099999999994,2022,4,2
Toy SKU 22,2022-04-26,A,190,6.56,38.09,7237.1,5990.700000000001,2022,4,2
Toy SKU 11,2022-04-27,C,203,10.48,36.93,7496.79,5369.35,2022,4,2
Toy SKU 24,2022-04-28,A,218,7.91,35.86,7817.48,6093.099999999999,2022,4,2
Toy SKU 12,2022-04-29,C,22,13.23,22.02,484.44,193.38,2022,4,2
Toy SKU 14,2022-04-30,B,127,4.61,16.45,2089.15,1503.68,2022,4,2
Toy SKU 10,2022-05-01,C,154,7.64,17.12,2636.48,1459.92,2022,5,2
Toy SKU 12,2022-05-02,A,112,11.96,38.54,4316.48,2976.9599999999996,2022,5,2
Toy SKU 19,2022-05-03,A,164,8.41,29.27,4800.28,3421.04,2022,5,2
Toy SKU 18,2022-05-04,B,102,7.69,24.57,2506.14,1721.7599999999998,2022,5,2
Toy SKU 10,2022-05-05,B,56,8.46,35.99,2015.44,1541.68,2022,5,2
Toy SKU 16,2022-05-06,C,166,7.08,35.42,5879.72,4704.4400000000005,2022,5,2
Toy SKU 18,2022-05-07,C,65,9.62,18.42,1197.3000000000002,572.0000000000002,2022,5,2
Toy SKU 05,2022-05-08,C,164,6.01,31.16,5110.24,4124.599999999999,2022,5,2
Toy SKU 06,2022-05-09,A,111,13.46,21.58,2395.3799999999997,901.3199999999995,2022,5,2
Toy SKU 16,2022-05-10,A,193,13.86,37.87,7308.91,4633.93,2022,5,2
Toy SKU 06,2022-05-11,A,177,3.84,21.98,3890.46,3210.78,2022,5,2
Toy SKU 25,2022-05-12,C,192,10.73,26.58,5103.36,3043.2,2022,5,2
Toy SKU 01,2022-05-13,B,162,10.95,24.46,3962.52,2188.62,2022,5,2
Toy SKU 25,2022-05-14,B,197,5.91,14.62,2880.14,1715.87,2022,5,2
Toy SKU 17,2022-05-15,B,177,6.1,17.24,3051.4799999999996,1971.7799999999995,2022,5,2
Toy SKU 30,2022-05-16,C,37,12.54,16.47,609.39,145.41000000000003,2022,5,2
Toy SKU 10,2022-05-17,B,119,3.63,27.36,3255.84,2823.8700000000003,2022,5,2
Toy SKU 30,2022-05-18,B,116,11.98,20.72,2403.52,1013.8399999999999,2022,5,2
Toy SKU 21,2022-05-19,B,98,11.28,34.9,3420.2,2314.76,2022,5,2
Toy SKU 06,2022-05-20,A,36,7.63,38.47,1384.92,1110.24,2022,5,2
Toy SKU 27,2022-05-21,A,158,9.33,20.03,3164.7400000000002,1690.6000000000001,2022,5,2
Toy SKU 09,2022-05-22,B,65,8.33,14.99,974.35,432.9,2022,5,2
Toy SKU 02,2022-05-23,B,62,9.54,12.07,748.34,156.86000000000013,2022,5,2
Toy SKU 22,2022-05-24,A,187,5.34,34.24,6402.88,5404.3,2022,5,2
Toy SKU 26,2022-05-25,B,108,5.67,15.16,1637.28,1024.92,2022,5,2
Toy SKU 24,2022-05-26,C,113,3.85,16.43,1856.59,1421.54,2022,5,2
Toy SKU 02,2022-05-27,C,120,4.35,38.11,4573.2,4051.2,2022,5,2
Toy SKU 26,2022-05-28,B,177,12.63,32.05,5672.849999999999,3437.3399999999992,2022,5,2
Toy SKU 16,2022-05-29,C,128,10.35,39.33,5034.24,3709.4399999999996,2022,5,2
Toy SKU 16,2022-05-30,B,29,6.82,11.39,330.31,132.53,2022,5,2
Toy SKU 18,2022-05-31,C,115,10.59,36.76,4227.4,3009.5499999999997,2022,5,2
Toy SKU 14,2022-06-01,C,218,5.2,35.38,7712.84,6579.24,2022,6,2
Toy SKU 07,2022-06-02,C,40,11.42,20.71,828.4000000000001,371.6000000000001,2022,6,2
Toy SKU 02,2022-06-03,B,145,8.9,17.57,2547.65,1257.15,2022,6,2
Toy SKU 16,2022-06-04,A,108,4.58,30.05,3245.4,2750.76,2022,6,2
Toy SKU 04,2022-06-05,A,82,5.77,31.83,2610.06,2136.92,2022,6,2
Toy SKU 08,2022-06-06,C,159,13.32,21.72,3453.48,1335.6,2022,6,2
Toy SKU 17,2022-06-07,B,185,4.29,33.41,6180.849999999999,5387.2,2022,6,2
Toy SKU 07,2022-06-08,C,179,9.59,29.68,5312.72,3596.1100000000006,2022,6,2
Toy SKU 26,2022-06-09,C,82,10.63,34.42,2822.44,1950.78,2022,6,2
Toy SKU 11,2022-06-10,C,10,4.14,28.66,286.6,245.20000000000002,2022,6,2
Toy SKU 15,2022-06-11,B,33,6.07,19.85,655.0500000000001,454.74000000000007,2022,6,2
Toy SKU 18,2022-06-12,C,177,5.24,10.48,1854.96,927.48,2022,6,2
Toy SKU 06,2022-06-13,A,193,10.78,10.32,1991.76,-88.77999999999997,2022,6,2
Toy SKU 14,2022-06-14,A,108,6.47,28.69,3098.52,2399.76,2022,6,2
Toy SKU 17,2022-06-15,A,100,13.19,18.5,1850.0,531.0,2022,6,2
Toy SKU 21,2022-06-16,C,137,13.54,41.36,5666.32,3811.34,2022,6,2
Toy SKU 02,2022-06-17,C,164,8.38,16.26,2666.6400000000003,1292.3200000000002,2022,6,2
Toy SKU 25,2022-06-18,C,118,5.83,23.89,2819.02,2131.08,2022,6,2
Toy SKU 23,2022-06-19,B,106,12.18,31.57,3346.42,2055.34,2022,6,2
Toy SKU 11,2022-06-20,B,210,6.34,21.27,4466.7,3135.3,2022,6,2
Toy SKU 20,2022-06-21,B,17,11.76,23.29,395.93,196.01000000000002,2022,6,2
Toy SKU 17,2022-06-22,B,168,5.7,28.4,4771.2,3813.6,2022,6,2
Toy SKU 08,2022-06-23,C,57,4.17,34.33,1956.81,1719.12,2022,6,2
Toy SKU 22,2022-06-24,B,140,8.03,35.9,5026.0,3901.8,2022,6,2
Toy SKU 12,2022-06-25,B,76,11.46,40.0,3040.0,2169.04,2022,6,2
Toy SKU 14,2022-06-26,B,210,11.35,24.11,5063.099999999999,2679.5999999999995,2022,6,2
Toy SKU 13,2022-06-27,C,95,9.02,19.48,1850.6000000000001,993.7000000000002,2022,6,2
Toy SKU 16,2022-06-28,A,95,4.8,22.54,2141.2999999999997,1685.2999999999997,2022,6,2
Toy SKU 13,2022-06-29,B,126,13.27,10.2,1285.1999999999998,-386.82000000000016,2022,6,2
Toy SKU 23,2022-06-30,B,196,3.71,17.24,3379.0399999999995,2651.8799999999997,2022,6,2
Toy SKU 14,2022-07-01,C,33,5.78,18.06,595.9799999999999,405.2399999999999,2022,7,3
Toy SKU 05,2022-07-02,B,78,3.51,14.34,1118.52,844.74,2022,7,3
Toy SKU 16,2022-07-03,A,27,9.27,19.86,536.22,285.93000000000006,2022,7,3
Toy SKU 15,2022-07-04,B,78,3.75,40.07,3125.46,2832.96,2022,7,3
Toy SKU 07,2022-07-05,B,30,4.83,13.84,415.2,270.29999999999995,2022,7,3
Toy SKU 27,2022-07-06,C,128,9.91,41.56,5319.68,4051.2000000000003,2022,7,3
Toy SKU 19,2022-07-07,C,26,13.73,15.73,408.98,52.0,2022,7,3
Toy SKU 27,2022-07-08,B,127,7.53,39.73,5045.71,4089.4,2022,7,3
Toy SKU 13,2022-07-09,A,39,13.97,21.51,838.8900000000001,294.06000000000006,2022,7,3
Toy SKU 21,2022-07-10,B,71,4.1,39.45,2800.9500000000003,2509.8500000000004,2022,7,3
Toy SKU 30,2022-07-11,B,128,10.9,13.92,1781.76,386.55999999999995,2022,7,3
Toy SKU 16,2022-07-12,B,40,8.29,14.11,564.4,232.8,2022,7,3
Toy SKU 21,2022-07-13,C,59,12.47,10.14,598.26,-137.47000000000003,2022,7,3
Toy SKU 09,2022-07-14,C,172,3.58,14.31,2461.32,1845.5600000000002,2022,7,3
Toy SKU 30,2022-07-15,A,150,4.13,28.46,4269.0,3649.5,2022,7,3
Toy SKU 08,2022-07-16,C,95,7.33,32.01,3040.95,2344.6,2022,7,3
Toy SKU 18,2022-07-17,B,133,5.68,27.58,3668.14,2912.7,2022,7,3
Toy SKU 22,2022-07-18,C,204,8.45,19.61,4000.44,2276.6400000000003,2022,7,3
Toy SKU 21,2022-07-19,C,26,6.07,9.37,243.61999999999998,85.79999999999998,2022,7,3
Toy SKU 05,2022-07-20,C,184,12.06,14.57,2680.88,461.84000000000015,2022,7,3
Toy SKU 07,2022-07-21,B,68,7.89,19.71,1340.28,803.76,2022,7,3
Toy SKU 17,2022-07-22,C,12,12.69,14.07,168.84,16.560000000000002,2022,7,3
Toy SKU 29,2022-07-23,A,172,5.05,39.14,6732.08,5863.48,2022,7,3
Toy SKU 24,2022-07-24,B,49,5.15,9.39,460.11,207.76,2022,7,3
Toy SKU 11,2022-07-25,A,60,13.1,35.31,2118.6000000000004,1332.6000000000004,2022,7,3
Toy SKU 20,2022-07-26,C,201,9.72,17.49,3515.49,1561.7699999999998,2022,7,3
Toy SKU 04,2022-07-27,C,123,6.86,18.35,2257.05,1413.27,2022,7,3
Toy SKU 05,2022-07-28,B,218,8.43,30.48,6644.64,4806.900000000001,2022,7,3
Toy SKU 06,2022-07-29,A,35,13.27,25.69,899.1500000000001,434.7000000000001,2022,7,3
Toy SKU 13,2022-07-30,C,49,10.96,32.63,1598.8700000000001,1061.83,2022,7,3
Toy SKU 20,2022-07-31,B,193,9.94,18.18,3508.74,1590.32,2022,7,3
Toy SKU 23,2022-08-01,A,160,4.2,16.96,2713.6000000000004,2041.6000000000004,2022,8,3
Toy SKU 19,2022-08-02,B,20,9.26,14.29,285.79999999999995,100.59999999999997,2022,8,3
Toy SKU 07,2022-08-03,B,136,12.13,19.21,2612.56,962.8799999999999,2022,8,3
Toy SKU 24,2022-08-04,C,124,9.41,24.61,3051.64,1884.8,2022,8,3
Toy SKU 25,2022-08-05,B,36,13.78,12.24,440.64,-55.44,2022,8,3
Toy SKU 07,2022-08-06,B,183,9.74,17.08,3125.64,1343.2199999999998,2022,8,3
Toy SKU 09,2022-08-07,C,22,11.63,28.47,626.3399999999999,370.4799999999999,2022,8,3
Toy SKU 03,2022-08-08,B,31,4.33,33.78,1047.18,912.95,2022,8,3
Toy SKU 08,2022-08-09,A,75,11.5,32.04,2403.0,1540.5,2022,8,3
Toy SKU 27,2022-08-10,B,67,10.94,40.29,2699.43,1966.4499999999998,2022,8,3
Toy SKU 08,2022-08-11,A,131,5.96,21.98,2879.38,2098.62,2022,8,3
Toy SKU 10,2022-08-12,B,165,8.48,27.83,4591.95,3192.75,2022,8,3
Toy SKU 06,2022-08-13,A,95,6.3,37.37,3550.1499999999996,2951.6499999999996,2022,8,3
Toy SKU 05,2022-08-14,A,135,7.47,35.07,4734.45,3726.0,2022,8,3
Toy SKU 12,2022-08-15,A,86,5.92,41.52,3570.7200000000003,3061.6000000000004,2022,8,3
Toy SKU 08,2022-08-16,A,157,9.99,9.16,1438.1200000000001,-130.30999999999995,2022,8,3
Toy SKU 10,2022-08-17,A,130,7.49,39.5,5135.0,4161.3,2022,8,3
Toy SKU 20,2022-08-18,C,170,8.2,33.73,5734.099999999999,4340.099999999999,2022,8,3
Toy SKU 07,2022-08-19,C,45,10.25,39.32,1769.4,1308.15,2022,8,3
Toy SKU 14,2022-08-20,C,60,12.81,12.22,733.2,-35.39999999999998,2022,8,3
Toy SKU 25,2022-08-21,B,13,9.95,25.35,329.55,200.20000000000002,2022,8,3
Toy SKU 24,2022-08-22,B,138,5.09,16.11,2223.18,1520.7599999999998,2022,8,3
Toy SKU 16,2022-08-23,A,56,8.14,17.07,955.9200000000001,500.08000000000004,2022,8,3
Toy SKU 18,2022-08-24,A,195,7.43,23.72,4625.4,3176.5499999999997,2022,8,3
Toy SKU 28,2022-08-25,B,146,11.18,23.8,3474.8,1842.5200000000002,2022,8,3
Toy SKU 06,2022-08-26,A,11,13.62,35.92,395.12,245.3,2022,8,3
Toy SKU 17,2022-08-27,C,28,13.02,20.14,563.9200000000001,199.36000000000007,2022,8,3
Toy SKU 27,2022-08-28,A,137,9.89,17.82,2441.34,1086.41,2022,8,3
Toy SKU 08,2022-08-29,A,55,10.42,34.77,1912.3500000000001,1339.25,2022,8,3
Toy SKU 04,2022-08-30,C,169,6.82,15.77,2665.13,1512.55,2022,8,3
Toy SKU 14,2022-08-31,B,166,13.15,37.87,6286.419999999999,4103.519999999999,2022,8,3
Toy SKU 17,2022-09-01,A,202,12.43,40.83,8247.66,5736.799999999999,2022,9,3
Toy SKU 04,2022-09-02,B,199,4.38,21.88,4354.12,3482.5,2022,9,3
Toy SKU 02,2022-09-03,B,62,5.28,40.46,2508.52,2181.16,2022,9,3
Toy SKU 07,2022-09-04,A,19,11.49,30.15,572.85,354.54,2022,9,3
Toy SKU 29,2022-09-05,A,151,6.98,30.33,4579.83,3525.85,2022,9,3
Toy SKU 14,2022-09-06,A,12,6.67,17.42,209.04000000000002,129.00000000000003,2022,9,3
Toy SKU 29,2022-09-07,B,158,10.39,23.89,3774.62,2133.0,2022,9,3
Toy SKU 15,2022-09-08,B,40,10.57,17.93,717.2,294.40000000000003,2022,9,3
Toy SKU 05,2022-09-09,C,65,5.2,19.97,1298.05,960.05,2022,9,3
Toy SKU 25,2022-09-10,A,175,5.5,15.37,2689.75,1727.25,2022,9,3
Toy SKU 14,2022-09-11,A,122,4.85,31.73,3871.06,3279.36,2022,9,3
Toy SKU 22,2022-09-12,C,34,12.96,12.24,416.16,-24.480000000000018,2022,9,3
Toy SKU 13,2022-09-13,C,17,11.07,34.11,579.87,391.68,2022,9,3
Toy SKU 18,2022-09-14,C,127,11.66,21.43,2721.61,1240.7900000000002,2022,9,3
Toy SKU 02,2022-09-15,A,72,5.32,41.87,3014.64,2631.6,2022,9,3
Toy SKU 03,2022-09-16,A,65,10.21,33.26,2161.9,1498.25,2022,9,3
Toy SKU 25,2022-09-17,A,158,12.51,15.07,2381.06,404.48,2022,9,3
Toy SKU 11,2022-09-18,A,43,7.22,13.08,562.44,251.98000000000008,2022,9,3
Toy SKU 18,2022-09-19,B,47,6.98,11.32,532.04,203.97999999999996,2022,9,3
Toy SKU 26,2022-09-20,A,173,6.78,41.41,7163.929999999999,5990.99,2022,9,3
Toy SKU 28,2022-09-21,A,212,5.0,32.59,6909.080000000001,5849.080000000001,2022,9,3
Toy SKU 03,2022-09-22,B,21,4.51,15.22,319.62,224.91000000000003,2022,9,3
Toy SKU 21,2022-09-23,B,24,9.84,41.56,997.44,761.2800000000001,2022,9,3
Toy SKU 20,2022-09-24,C,44,13.84,31.37,1380.28,771.3199999999999,2022,9,3
Toy SKU 22,2022-09-25,B,16,12.6,21.03,336.48,134.88000000000002,2022,9,3
Toy SKU 21,2022-09-26,A,15,13.34,17.49,262.34999999999997,62.24999999999997,2022,9,3
Toy SKU 16,2022-09-27,C,112,5.32,10.9,1220.8,624.9599999999999,2022,9,3
Toy SKU 30,2022-09-28,A,207,12.57,13.73,2842.11,240.1199999999999,2022,9,3
Toy SKU 22,2022-09-29,B,69,5.55,9.89,682.4100000000001,299.4600000000001,2022,9,3
Toy SKU 08,2022-09-30,B,111,10.3,21.81,2420.91,1277.6099999999997,2022,9,3
Toy SKU 21,2022-10-01,A,125,4.49,14.09,1761.25,1200.0,2022,10,4
Toy SKU 18,2022-10-02,C,121,13.19,39.25,4749.25,3153.26,2022,10,4
Toy SKU 23,2022-10-03,C,145,13.25,22.75,3298.75,1377.5,2022,10,4
Toy SKU 03,2022-10-04,A,57,4.65,12.15,692.5500000000001,427.50000000000006,2022,10,4
Toy SKU 02,2022-10-05,B,82,10.86,35.09,2877.38,1986.8600000000001,2022,10,4
Toy SKU 30,2022-10-06,B,150,11.35,20.71,3106.5,1404.0,2022,10,4
Toy SKU 05,2022-10-07,B,10,6.45,19.91,199.1,134.6,2022,10,4
Toy SKU 26,2022-10-08,A,122,11.48,31.95,3897.9,2497.34,2022,10,4
Toy SKU 25,2022-10-09,A,37,11.98,31.35,1159.95,716.69,2022,10,4
Toy SKU 14,2022-10-10,A,70,8.58,23.5,1645.0,1044.4,2022,10,4
Toy SKU 20,2022-10-11,A,31,8.94,12.3,381.3,104.16000000000003,2022,10,4
Toy SKU 16,2022-10-12,A,11,13.52,18.4,202.39999999999998,53.67999999999998,2022,10,4
Toy SKU 04,2022-10-13,A,83,6.88,38.64,3207.12,2636.08,2022,10,4
Toy SKU 29,2022-10-14,B,159,6.65,12.79,2033.61,976.2599999999998,2022,10,4
Toy SKU 28,2022-10-15,C,125,7.13,35.46,4432.5,3541.25,2022,10,4
Toy SKU 19,2022-10-16,C,71,13.7,27.25,1934.75,962.0500000000001,2022,10,4
Toy SKU 15,2022-10-17,B,65,8.63,10.23,664.95,104.0,2022,10,4
Toy SKU 09,2022-10-18,C,26,6.74,27.66,719.16,543.92,2022,10,4
Toy SKU 04,2022-10-19,A,17,4.33,31.97,543.49,469.88,2022,10,4
Toy SKU 09,2022-10-20,A,11,7.06,16.53,181.83,104.17000000000002,2022,10,4
Toy SKU 15,2022-10-21,B,48,11.52,40.4,1939.1999999999998,1386.2399999999998,2022,10,4
Toy SKU 10,2022-10-22,A,206,9.75,30.17,6215.02,4206.52,2022,10,4
Toy SKU 29,2022-10-23,C,158,10.89,36.05,5695.9,3975.2799999999997,2022,10,4
Toy SKU 06,2022-10-24,B,96,6.9,12.47,1197.1200000000001,534.72,2022,10,4
Toy SKU 17,2022-10-25,B,148,3.85,18.1,2678.8,2109.0,2022,10,4
Toy SKU 04,2022-10-26,A,41,10.21,29.74,1219.34,800.7299999999999,2022,10,4
Toy SKU 06,2022-10-27,A,97,4.45,23.3,2260.1,1828.4499999999998,2022,10,4
Toy SKU 14,2022-10-28,B,139,9.58,25.22,3505.58,2173.96,2022,10,4
Toy SKU 22,2022-10-29,A,111,13.65,33.96,3769.56,2254.41,2022,10,4
Toy SKU 29,2022-10-30,B,190,3.78,40.1,7619.0,6900.8,2022,10,4
Toy SKU 15,2022-10-31,B,75,6.19,41.98,3148.4999999999995,2684.2499999999995,2022,10,4
Toy SKU 03,2022-11-01,C,79,4.15,9.84,777.36,449.51,2022,11,4
Toy SKU 02,2022-11-02,B,135,4.25,39.8,5373.0,4799.25,2022,11,4
Toy SKU 25,2022-11-03,C,120,9.97,18.63,2235.6,1039.1999999999998,2022,11,4
Toy SKU 17,2022-11-04,B,21,11.24,12.36,259.56,23.52000000000001,2022,11,4
Toy SKU 03,2022-11-05,A,175,3.63,23.32,4081.0,3445.75,2022,11,4
Toy SKU 10,2022-11-06,C,158,11.91,28.94,4572.52,2690.7400000000007,2022,11,4
Toy SKU 07,2022-11-07,C,205,12.41,25.71,5270.55,2726.5,2022,11,4
Toy SKU 13,2022-11-08,B,55,13.41,18.07,993.85,256.30000000000007,2022,11,4
Toy SKU 21,2022-11-09,A,24,7.35,20.59,494.15999999999997,317.76,2022,11,4
Toy SKU 08,2022-11-10,B,119,12.77,18.65,2219.35,699.72,2022,11,4
Toy SKU 28,2022-11-11,B,47,12.13,14.2,667.4,97.28999999999996,2022,11,4
Toy SKU 11,2022-11-12,A,29,8.78,31.17,903.9300000000001,649.3100000000001,2022,11,4
Toy SKU 25,2022-11-13,C,37,11.63,21.96,812.52,382.21,2022,11,4
Toy SKU 18,2022-11-14,C,14,4.72,10.28,143.92,77.83999999999999,2022,11,4
Toy SKU 01,2022-11-15,A,50,7.24,27.5,1375.0,1013.0,2022,11,4
Toy SKU 15,2022-11-16,C,109,10.62,31.01,3380.09,2222.51,2022,11,4
Toy SKU 26,2022-11-17,A,45,9.64,28.68,1290.6,856.8,2022,11,4
Toy SKU 11,2022-11-18,A,74,6.97,31.9,2360.6,1844.82,2022,11,4
Toy SKU 10,2022-11-19,B,92,8.13,38.46,3538.32,2790.36,2022,11,4
Toy SKU 05,2022-11-20,B,15,12.48,14.38,215.70000000000002,28.5,2022,11,4
Toy SKU 11,2022-11-21,B,161,3.61,39.21,6312.81,5731.6,2022,11,4
Toy SKU 13,2022-11-22,B,104,13.52,18.46,1919.8400000000001,513.7600000000002,2022,11,4
Toy SKU 05,2022-11-23,C,110,9.35,15.69,1725.8999999999999,697.3999999999999,2022,11,4
Toy SKU 28,2022-11-24,B,153,9.26,40.17,6146.01,4729.2300000000005,2022,11,4
Toy SKU 16,2022-11-25,B,38,4.95,32.05,1217.8999999999999,1029.8,2022,11,4
Toy SKU 09,2022-11-26,A,214,3.8,33.43,7154.0199999999995,6340.82,2022,11,4
Toy SKU 26,2022-11-27,C,188,4.66,31.83,5984.04,5107.96,2022,11,4
Toy SKU 03,2022-11-28,B,145,4.22,36.54,5298.3,4686.400000000001,2022,11,4
Toy SKU 14,2022-11-29,B,113,12.72,35.81,4046.53,2609.17,2022,11,4
Toy SKU 28,2022-11-30,B,117,6.14,25.7,3006.9,2288.52,2022,11,4
Toy SKU 22,2022-12-01,A,175,4.91,25.87,4527.25,3668.0,2022,12,4
Toy SKU 20,2022-12-02,B,19,6.64,16.66,316.54,190.38000000000002,2022,12,4
Toy SKU 14,2022-12-03,B,21,4.1,37.06,778.26,692.16,2022,12,4
Toy SKU 24,2022-12-04,A,190,7.09,30.75,5842.5,4495.4,2022,12,4
Toy SKU 04,2022-12-05,B,81,9.05,11.85,959.85,226.79999999999995,2022,12,4
Toy SKU 05,2022-12-06,C,194,13.21,36.11,7005.34,4442.6,2022,12,4
Toy SKU 22,2022-12-07,B,46,13.84,17.18,790.28,153.64,2022,12,4
Toy SKU 17,2022-12-08,C,24,9.4,19.85,476.40000000000003,250.8,2022,12,4
Toy SKU 14,2022-12-09,A,101,9.76,17.71,1788.71,802.95,2022,12,4
Toy SKU 01,2022-12-10,C,47,3.92,21.02,987.9399999999999,803.6999999999999,2022,12,4
Toy SKU 04,2022-12-11,C,39,10.63,33.97,1324.83,910.2599999999999,2022,12,4
Toy SKU 11,2022-12-12,A,77,12.13,31.83,2450.91,1516.8999999999996,2022,12,4
Toy SKU 25,2022-12-13,B,143,3.87,41.7,5963.1,5409.6900000000005,2022,12,4
Toy SKU 01,2022-12-14,B,173,13.34,38.78,6708.9400000000005,4401.120000000001,2022,12,4
Toy SKU 01,2022-12-15,A,24,8.24,35.06,841.44,643.6800000000001,2022,12,4
Toy SKU 24,2022-12-16,B,9,6.53,33.79,304.11,245.34,2022,12,4
Toy SKU 03,2022-12-17,C,22,6.66,19.24,423.28,276.76,2022,12,4
Toy SKU 19,2022-12-18,C,212,8.11,23.76,5037.12,3317.8,2022,12,4
Toy SKU 24,2022-12-19,B,107,9.3,23.27,2489.89,1494.79,2022,12,4
Toy SKU 13,2022-12-20,C,183,13.05,39.76,7276.08,4887.93,2022,12,4
Toy SKU 09,2022-12-21,B,68,10.91,36.66,2492.8799999999997,1750.9999999999995,2022,12,4
Toy SKU 14,2022-12-22,C,127,10.85,33.74,4284.9800000000005,2907.0300000000007,2022,12,4
Toy SKU 07,2022-12-23,C,72,5.69,25.45,1832.3999999999999,1422.7199999999998,2022,12,4
Toy SKU 23,2022-12-24,A,132,3.53,37.25,4917.0,4451.04,2022,12,4
Toy SKU 16,2022-12-25,B,86,12.07,32.66,2808.7599999999998,1770.7399999999998,2022,12,4
Toy SKU 04,2022-12-26,C,168,7.62,37.19,6247.92,4967.76,2022,12,4
Toy SKU 28,2022-12-27,B,213,3.51,30.28,6449.64,5702.01,2022,12,4
Toy SKU 18,2022-12-28,C,160,9.45,25.39,4062.4,2550.4,2022,12,4
Toy SKU 13,2022-12-29,C,137,6.42,40.65,5569.05,4689.51,2022,12,4
Toy SKU 21,2022-12-30,B,157,13.87,41.05,6444.849999999999,4267.26,2022,12,4
Toy SKU 14,2022-12-31,C,197,9.9,14.68,2891.96,941.6599999999999,2022,12,4
Toy SKU 23,2023-01-01,A,123,11.54,26.19,3221.3700000000003,1801.9500000000005,2023,1,1
Toy SKU 19,2023-01-02,C,186,7.5,25.7,4780.2,3385.2,2023,1,1
Toy SKU 04,2023-01-03,C,99,4.64,14.07,1392.93,933.5700000000002,2023,1,1
Toy SKU 12,2023-01-04,C,213,4.01,9.54,2032.0199999999998,1177.8899999999999,2023,1,1
Toy SKU 15,2023-01-05,A,108,5.23,32.27,3485.1600000000003,2920.32,2023,1,1
Toy SKU 09,2023-01-06,C,136,9.72,14.1,1917.6,595.6799999999998,2023,1,1
Toy SKU 07,2023-01-07,A,72,12.83,26.96,1941.1200000000001,1017.3600000000001,2023,1,1
Toy SKU 17,2023-01-08,C,102,6.97,24.54,2503.08,1792.1399999999999,2023,1,1
Toy SKU 07,2023-01-09,B,109,13.98,12.78,1393.02,-130.79999999999995,2023,1,1
Toy SKU 08,2023-01-10,C,105,9.31,20.35,2136.75,1159.1999999999998,2023,1,1
Toy SKU 26,2023-01-11,A,118,6.57,35.37,4173.66,3398.3999999999996,2023,1,1
Toy SKU 29,2023-01-12,B,121,10.04,25.97,3142.37,1927.53,2023,1,1
Toy SKU 28,2023-01-13,B,158,8.79,38.85,6138.3,4749.4800000000005,2023,1,1
Toy SKU 27,2023-01-14,A,70,12.03,37.4,2618.0,1775.9,2023,1,1
Toy SKU 30,2023-01-15,A,110,12.29,19.12,2103.2000000000003,751.3000000000004,2023,1,1
Toy SKU 06,2023-01-16,C,219,6.72,23.71,5192.49,3720.81,2023,1,1
Toy SKU 05,2023-01-17,A,76,7.56,36.06,2740.5600000000004,2166.0000000000005,2023,1,1
Toy SKU 13,2023-01-18,A,162,4.27,34.27,5551.740000000001,4860.000000000001,2023,1,1
Toy SKU 23,2023-01-19,B,175,7.72,32.84,5747.000000000001,4396.000000000001,2023,1,1
Toy SKU 12,2023-01-20,C,198,7.6,24.98,4946.04,3441.24,2023,1,1
Toy SKU 25,2023-01-21,C,173,6.57,35.53,6146.6900000000005,5010.08,2023,1,1
Toy SKU 02,2023-01-22,A,56,4.41,10.47,586.32,339.36,2023,1,1
Toy SKU 25,2023-01-23,B,219,12.63,38.13,8350.470000000001,5584.500000000001,2023,1,1
Toy SKU 10,2023-01-24,C,58,6.51,13.29,770.8199999999999,393.23999999999995,2023,1,1
Toy SKU 14,2023-01-25,A,114,5.81,39.87,4545.179999999999,3882.8399999999992,2023,1,1
Toy SKU 24,2023-01-26,A,114,6.09,15.57,1774.98,1080.72,2023,1,1
Toy SKU 05,2023-01-27,A,55,10.39,19.81,1089.55,518.0999999999999,2023,1,1
Toy SKU 16,2023-01-28,B,11,9.83,31.92,351.12,242.99,2023,1,1
Toy SKU 27,2023-01-29,B,85,5.18,19.58,1664.3,1224.0,2023,1,1
Toy SKU 09,2023-01-30,C,115,6.41,23.88,2746.2,2009.0499999999997,2023,1,1
Toy SKU 19,2023-01-31,A,185,10.52,27.5,5087.5,3141.3,2023,1,1
Toy SKU 24,2023-02-01,C,51,10.25,15.26,778.26,255.51,2023,2,1
Toy SKU 21,2023-02-02,A,30,13.63,28.76,862.8000000000001,453.90000000000003,2023,2,1
Toy SKU 24,2023-02-03,B,108,4.15,36.13,3902.0400000000004,3453.84,2023,2,1
Toy SKU 18,2023-02-04,A,53,11.95,26.63,1411.3899999999999,778.04,2023,2,1
Toy SKU 20,2023-02-05,A,159,12.07,14.82,2356.38,437.25,2023,2,1
Toy SKU 01,2023-02-06,B,18,11.44,20.55,369.90000000000003,163.98000000000005,2023,2,1
Toy SKU 08,2023-02-07,B,65,12.52,18.81,1222.6499999999999,408.8499999999999,2023,2,1
Toy SKU 08,2023-02-08,C,52,6.75,15.7,816.4,465.4,2023,2,1
Toy SKU 23,2023-02-09,A,192,5.16,22.76,4369.92,3379.2,2023,2,1
Toy SKU 03,2023-02-10,C,194,4.1,16.02,3107.88,2312.48,2023,2,1
Toy SKU 28,2023-02-11,C,109,10.63,16.94,1846.46,687.79,2023,2,1
Toy SKU 27,2023-02-12,A,96,5.72,13.24,1271.04,721.92,2023,2,1
Toy SKU 30,2023-02-13,B,30,7.28,29.16,874.8,656.4,2023,2,1
Toy SKU 18,2023-02-14,C,70,7.13,35.09,2456.3,1957.2000000000003,2023,2,1
Toy SKU 24,2023-02-15,C,87,9.5,18.18,1581.66,755.1600000000001,2023,2,1
Toy SKU 10,2023-02-16,C,19,11.25,14.64,278.16,64.41000000000003,2023,2,1
Toy SKU 30,2023-02-17,B,162,5.44,12.12,1963.4399999999998,1082.1599999999999,2023,2,1
Toy SKU 15,2023-02-18,B,81,13.5,29.3,2373.3,1279.8000000000002,2023,2,1
Toy SKU 11,2023-02-19,B,153,9.8,12.04,1842.12,342.7199999999998,2023,2,1
Toy SKU 02,2023-02-20,C,123,11.4,22.98,2826.54,1424.34,2023,2,1
Toy SKU 09,2023-02-21,A,133,3.76,23.19,3084.27,2584.19,2023,2,1
Toy SKU 02,2023-02-22,C,195,6.06,27.94,5448.3,4266.6,2023,2,1
Toy SKU 30,2023-02-23,C,122,5.11,19.93,2431.46,1808.04,2023,2,1
Toy SKU 02,2023-02-24,A,150,8.11,33.23,4984.499999999999,3767.999999999999,2023,2,1
Toy SKU 22,2023-02-25,C,46,13.92,33.89,1558.94,918.62,2023,2,1
Toy SKU 23,2023-02-26,C,188,12.24,33.1,6222.8,3921.6800000000003,2023,2,1
Toy SKU 13,2023-02-27,C,179,8.49,30.06,5380.74,3861.0299999999997,2023,2,1
Toy SKU 29,2023-02-28,B,117,12.44,23.23,2717.91,1262.4299999999998,2023,2,1
Toy SKU 22,2023-03-01,C,173,13.6,17.21,2977.33,624.5300000000002,2023,3,1
Toy SKU 24,2023-03-02,B,158,11.45,39.9,6304.2,4495.1,2023,3,1
Toy SKU 07,2023-03-03,C,102,9.58,14.52,1481.04,503.88,2023,3,1
Toy SKU 18,2023-03-04,C,214,6.18,32.92,7044.88,5722.360000000001,2023,3,1
Toy SKU 29,2023-03-05,C,176,5.72,15.24,2682.2400000000002,1675.5200000000004,2023,3,1
Toy SKU 14,2023-03-06,A,189,8.86,11.97,2262.33,587.79,2023,3,1
Toy SKU 04,2023-03-07,C,51,12.7,19.22,980.2199999999999,332.52,2023,3,1
Toy SKU 08,2023-03-08,B,50,4.39,25.88,1294.0,1074.5,2023,3,1
Toy SKU 23,2023-03-09,B,41,8.38,20.35,834.35,490.77,2023,3,1
Toy SKU 23,2023-03-10,B,63,6.42,39.62,2496.06,2091.6,2023,3,1
Toy SKU 08,2023-03-11,A,40,6.93,11.92,476.8,199.60000000000002,2023,3,1
Toy SKU 30,2023-03-12,A,60,4.11,35.07,2104.2,1857.6,2023,3,1
Toy SKU 26,2023-03-13,B,55,10.45,29.81,1639.55,1064.8,2023,3,1
Toy SKU 11,2023-03-14,B,207,13.59,31.46,6512.22,3699.09,2023,3,1
Toy SKU 20,2023-03-15,C,107,8.66,32.25,3450.75,2524.13,2023,3,1
Toy SKU 24,2023-03-16,B,24,11.46,40.74,977.76,702.72,2023,3,1
Toy SKU 20,2023-03-17,A,112,13.3,16.46,1843.52,353.91999999999985,2023,3,1
Toy SKU 26,2023-03-18,B,119,13.24,40.69,4842.11,3266.5499999999997,2023,3,1
Toy SKU 16,2023-03-19,A,204,10.83,16.31,3327.24,1117.9199999999996,2023,3,1
Toy SKU 11,2023-03-20,C,76,3.74,14.07,1069.32,785.0799999999999,2023,3,1
Toy SKU 04,2023-03-21,B,33,10.31,34.69,1144.77,804.54,2023,3,1
Toy SKU 20,2023-03-22,B,96,6.37,9.51,912.96,301.44000000000005,2023,3,1
Toy SKU 09,2023-03-23,A,24,5.37,9.66,231.84,102.96000000000001,2023,3,1
Toy SKU 10,2023-03-24,A,41,10.49,29.78,1220.98,790.89,2023,3,1
Toy SKU 19,2023-03-25,C,62,9.46,13.54,839.4799999999999,252.9599999999998,2023,3,1
Toy SKU 24,2023-03-26,C,127,4.15,23.22,2948.94,2421.89,2023,3,1
Toy SKU 10,2023-03-27,B,218,6.44,31.63,6895.34,5491.42,2023,3,1
Toy SKU 13,2023-03-28,C,186,11.57,29.72,5527.92,3375.9,2023,3,1
Toy SKU 04,2023-03-29,B,126,11.09,26.98,3399.48,2002.14,2023,3,1
Toy SKU 01,2023-03-30,A,65,6.94,39.88,2592.2000000000003,2141.1000000000004,2023,3,1
Toy SKU 20,2023-03-31,B,138,10.02,22.65,3125.7,1742.9399999999998,2023,3,1
Toy SKU 15,2023-04-01,B,107,6.55,23.52,2516.64,1815.79,2023,4,2
Toy SKU 22,2023-04-02,C,216,11.85,18.34,3961.44,1401.8400000000001,2023,4,2
Toy SKU 02,2023-04-03,B,152,10.25,30.54,4642.08,3084.08,2023,4,2
Toy SKU 03,2023-04-04,B,16,8.84,33.17,530.72,389.28000000000003,2023,4,2
Toy SKU 29,2023-04-05,B,157,5.98,18.35,2880.9500000000003,1942.0900000000001,2023,4,2
Toy SKU 16,2023-04-06,B,115,7.35,21.9,2518.5,1673.25,2023,4,2
Toy SKU 09,2023-04-07,B,136,5.81,35.54,4833.44,4043.2799999999997,2023,4,2
Toy SKU 05,2023-04-08,B,150,4.36,24.51,3676.5000000000005,3022.5000000000005,2023,4,2
Toy SKU 22,2023-04-09,C,13,10.6,20.34,264.42,126.62000000000003,2023,4,2
Toy SKU 07,2023-04-10,C,125,9.42,17.49,2186.25,1008.75,2023,4,2
Toy SKU 10,2023-04-11,A,139,8.4,21.23,2950.9700000000003,1783.3700000000001,2023,4,2
Toy SKU 26,2023-04-12,A,42,4.76,41.97,1762.74,1562.82,2023,4,2
Toy SKU 04,2023-04-13,B,95,3.52,40.45,3842.7500000000005,3508.3500000000004,2023,4,2
Toy SKU 05,2023-04-14,A,181,11.03,39.18,7091.58,5095.15,2023,4,2
Toy SKU 13,2023-04-15,B,159,8.37,41.16,6544.44,5213.61,2023,4,2
Toy SKU 07,2023-04-16,A,130,12.42,39.65,5154.5,3539.9,2023,4,2
Toy SKU 30,2023-04-17,B,62,5.0,30.89,1915.18,1605.18,2023,4,2
Toy SKU 15,2023-04-18,B,158,13.21,29.46,4654.68,2567.5,2023,4,2
Toy SKU 16,2023-04-19,C,73,7.7,13.41,978.9300000000001,416.83000000000004,2023,4,2
Toy SKU 17,2023-04-20,A,99,12.01,32.26,3193.74,2004.7499999999998,2023,4,2
Toy SKU 05,2023-04-21,A,120,7.43,31.06,3727.2,2835.6,2023,4,2
Toy SKU 03,2023-04-22,C,105,9.24,36.06,3786.3,2816.1000000000004,2023,4,2
Toy SKU 27,2023-04-23,A,116,8.48,37.56,4356.96,3373.2799999999997,2023,4,2
Toy SKU 09,2023-04-24,B,124,6.7,26.12,3238.88,2408.08,2023,4,2
Toy SKU 12,2023-04-25,C,123,10.43,23.21,2854.83,1571.94,2023,4,2
Toy SKU 15,2023-04-26,A,191,7.13,39.46,7536.860000000001,6175.030000000001,2023,4,2
Toy SKU 27,2023-04-27,A,51,9.38,26.71,1362.21,883.8299999999999,2023,4,2
Toy SKU 23,2023-04-28,C,29,13.05,26.54,769.66,391.2099999999999,2023,4,2
Toy SKU 05,2023-04-29,C,132,8.86,10.19,1345.08,175.55999999999995,2023,4,2
Toy SKU 19,2023-04-30,B,22,7.1,30.42,669.24,513.04,2023,4,2
Toy SKU 08,2023-05-01,B,113,4.48,11.41,1289.33,783.0899999999999,2023,5,2
Toy SKU 28,2023-05-02,A,181,9.89,14.87,2691.47,901.3799999999997,2023,5,2
Toy SKU 06,2023-05-03,A,194,5.7,12.01,2329.94,1224.14,2023,5,2
Toy SKU 27,2023-05-04,C,189,7.97,40.65,7682.849999999999,6176.5199999999995,2023,5,2
Toy SKU 09,2023-05-05,B,208,11.01,11.27,2344.16,54.07999999999993,2023,5,2
Toy SKU 02,2023-05-06,B,50,13.44,12.5,625.0,-47.0,2023,5,2
Toy SKU 30,2023-05-07,A,91,6.81,13.28,1208.48,588.7700000000001,2023,5,2
Toy SKU 04,2023-05-08,C,217,7.12,11.98,2599.6600000000003,1054.6200000000003,2023,5,2
Toy SKU 09,2023-05-09,B,113,5.16,23.26,2628.38,2045.3000000000002,2023,5,2
Toy SKU 03,2023-05-10,A,141,5.02,26.22,3697.02,2989.2,2023,5,2
Toy SKU 29,2023-05-11,C,49,4.3,15.68,768.3199999999999,557.6199999999999,2023,5,2
Toy SKU 28,2023-05-12,A,146,8.68,30.51,4454.46,3187.1800000000003,2023,5,2
Toy SKU 05,2023-05-13,B,26,8.13,28.18,732.68,521.3,2023,5,2
Toy SKU 07,2023-05-14,A,9,4.25,16.26,146.34,108.09,2023,5,2
Toy SKU 12,2023-05-15,A,106,13.9,41.88,4439.280000000001,2965.8800000000006,2023,5,2
Toy SKU 27,2023-05-16,C,123,4.35,19.68,2420.64,1885.59,2023,5,2
Toy SKU 13,2023-05-17,A,58,3.65,12.14,704.12,492.42,2023,5,2
Toy SKU 26,2023-05-18,B,160,5.39,32.63,5220.8,4358.400000000001,2023,5,2
Toy SKU 11,2023-05-19,A,83,12.44,16.95,1406.85,374.3299999999999,2023,5,2
Toy SKU 10,2023-05-20,B,128,8.7,14.03,1795.84,682.24,2023,5,2
Toy SKU 06,2023-05-21,B,42,9.93,17.7,743.4,326.34,2023,5,2
Toy SKU 30,2023-05-22,A,48,3.95,27.65,1327.1999999999998,1137.6,2023,5,2
Toy SKU 28,2023-05-23,A,124,6.13,23.94,2968.56,2208.44,2023,5,2
Toy SKU 29,2023-05-24,A,76,5.83,15.38,1168.88,725.8000000000002,2023,5,2
Toy SKU 22,2023-05-25,B,74,12.97,35.28,2610.7200000000003,1650.94,2023,5,2
Toy SKU 08,2023-05-26,C,100,10.46,24.84,2484.0,1438.0,2023,5,2
Toy SKU 20,2023-05-27,B,199,8.86,20.72,4123.28,2360.14,2023,5,2
Toy SKU 24,2023-05-28,B,52,4.8,21.96,1141.92,892.32,2023,5,2
Toy SKU 17,2023-05-29,B,74,12.39,21.5,1591.0,674.14,2023,5,2
Toy SKU 02,2023-05-30,C,197,11.41,13.46,2651.6200000000003,403.85000000000036,2023,5,2
Toy SKU 14,2023-05-31,C,204,8.55,17.57,3584.28,1840.0800000000002,2023,5,2
Toy SKU 20,2023-06-01,A,80,7.35,32.68,2614.4,2026.4,2023,6,2
Toy SKU 08,2023-06-02,B,209,10.52,27.06,5655.54,3456.86,2023,6,2
Toy SKU 15,2023-06-03,B,146,12.42,18.67,2725.82,912.5000000000002,2023,6,2
Toy SKU 25,2023-06-04,A,210,7.65,35.4,7434.0,5827.5,2023,6,2
Toy SKU 15,2023-06-05,C,164,5.2,28.34,4647.76,3794.96,2023,6,2
Toy SKU 22,2023-06-06,A,33,11.79,18.28,603.24,214.17000000000002,2023,6,2
Toy SKU 23,2023-06-07,C,181,5.4,21.96,3974.76,2997.36,2023,6,2
Toy SKU 28,2023-06-08,B,145,7.91,14.77,2141.65,994.7,2023,6,2
Toy SKU 03,2023-06-09,A,180,10.32,27.94,5029.2,3171.5999999999995,2023,6,2
Toy SKU 13,2023-06-10,A,41,8.23,21.19,868.7900000000001,531.3600000000001,2023,6,2
Toy SKU 11,2023-06-11,A,70,6.75,26.82,1877.4,1404.9,2023,6,2
Toy SKU 22,2023-06-12,C,203,9.16,29.36,5960.08,4100.6,2023,6,2
Toy SKU 05,2023-06-13,A,150,4.56,34.24,5136.0,4452.0,2023,6,2
Toy SKU 06,2023-06-14,B,185,5.46,16.24,3004.3999999999996,1994.2999999999997,2023,6,2
Toy SKU 07,2023-06-15,A,53,10.03,31.66,1677.98,1146.39,2023,6,2
Toy SKU 18,2023-06-16,B,199,6.6,30.74,6117.259999999999,4803.86,2023,6,2
Toy SKU 14,2023-06-17,B,107,13.03,12.15,1300.05,-94.16000000000008,2023,6,2
Toy SKU 10,2023-06-18,C,158,11.14,39.21,6195.18,4435.06,2023,6,2
Toy SKU 15,2023-06-19,B,74,12.19,34.44,2548.56,1646.5,2023,6,2
Toy SKU 10,2023-06-20,B,114,11.56,17.84,2033.76,715.9199999999998,2023,6,2
Toy SKU 27,2023-06-21,B,83,6.84,24.96,2071.6800000000003,1503.9600000000003,2023,6,2
Toy SKU 26,2023-06-22,C,209,11.88,38.27,7998.43,5515.51,2023,6,2
Toy SKU 13,2023-06-23,B,97,5.1,26.12,2533.64,2038.9399999999998,2023,6,2
Toy SKU 30,2023-06-24,C,109,11.88,38.98,4248.82,2953.8999999999996,2023,6,2
Toy SKU 20,2023-06-25,C,173,7.99,25.84,4470.32,3088.0499999999997,2023,6,2
Toy SKU 19,2023-06-26,A,115,3.71,25.6,2944.0,2517.35,2023,6,2
Toy SKU 03,2023-06-27,C,168,11.85,21.89,3677.52,1686.72,2023,6,2
Toy SKU 22,2023-06-28,A,120,3.85,21.64,2596.8,2134.8,2023,6,2
Toy SKU 16,2023-06-29,B,98,3.83,31.78,3114.44,2739.1,2023,6,2
Toy SKU 08,2023-06-30,C,100,7.86,17.25,1725.0,939.0,2023,6,2
Toy SKU 15,2023-07-01,B,77,8.48,28.17,2169.09,1516.13,2023,7,3
Toy SKU 14,2023-07-02,A,9,13.03,11.35,102.14999999999999,-15.120000000000005,2023,7,3
Toy SKU 21,2023-07-03,B,56,9.0,18.25,1022.0,518.0,2023,7,3
Toy SKU 07,2023-07-04,B,190,7.66,30.08,5715.2,4259.799999999999,2023,7,3
Toy SKU 01,2023-07-05,A,159,7.74,26.7,4245.3,3014.6400000000003,2023,7,3
Toy SKU 01,2023-07-06,B,105,13.6,32.33,3394.6499999999996,1966.6499999999996,2023,7,3
Toy SKU 10,2023-07-07,C,61,11.79,27.33,1667.1299999999999,947.9399999999999,2023,7,3
Toy SKU 09,2023-07-08,B,137,13.85,30.58,4189.46,2292.01,2023,7,3
Toy SKU 21,2023-07-09,C,46,4.84,32.08,1475.6799999999998,1253.04,2023,7,3
Toy SKU 22,2023-07-10,B,110,13.15,35.63,3919.3,2472.8,2023,7,3
Toy SKU 20,2023-07-11,A,201,4.23,25.28,5081.280000000001,4231.05,2023,7,3
Toy SKU 05,2023-07-12,A,25,11.1,27.23,680.75,403.25,2023,7,3
Toy SKU 19,2023-07-13,C,199,8.95,12.88,2563.1200000000003,782.0700000000004,2023,7,3
Toy SKU 09,2023-07-14,A,195,5.34,12.38,2414.1000000000004,1372.8000000000004,2023,7,3
Toy SKU 21,2023-07-15,A,22,4.61,29.28,644.1600000000001,542.7400000000001,2023,7,3
Toy SKU 25,2023-07-16,A,166,11.39,15.27,2534.8199999999997,644.0799999999997,2023,7,3
Toy SKU 21,2023-07-17,A,121,5.63,32.08,3881.68,3200.45,2023,7,3
Toy SKU 14,2023-07-18,A,83,8.22,12.75,1058.25,375.9899999999999,2023,7,3
Toy SKU 17,2023-07-19,B,26,10.63,11.35,295.09999999999997,18.71999999999997,2023,7,3
Toy SKU 06,2023-07-20,A,214,10.69,15.0,3210.0,922.3400000000001,2023,7,3
Toy SKU 10,2023-07-21,A,166,5.1,16.21,2690.86,1844.2600000000002,2023,7,3
Toy SKU 11,2023-07-22,B,193,9.83,14.82,2860.26,963.0700000000002,2023,7,3
Toy SKU 29,2023-07-23,B,94,13.75,10.08,947.52,-344.98,2023,7,3
Toy SKU 08,2023-07-24,B,163,11.62,11.22,1828.8600000000001,-65.19999999999982,2023,7,3
Toy SKU 17,2023-07-25,A,111,12.62,26.72,2965.92,1565.1000000000001,2023,7,3
Toy SKU 12,2023-07-26,B,146,11.72,36.33,5304.179999999999,3593.0599999999995,2023,7,3
Toy SKU 05,2023-07-27,B,105,11.04,17.69,1857.45,698.2500000000002,2023,7,3
Toy SKU 16,2023-07-28,B,189,3.72,15.46,2921.94,2218.86,2023,7,3
Toy SKU 19,2023-07-29,C,66,5.07,15.16,1000.5600000000001,665.94,2023,7,3
Toy SKU 11,2023-07-30,B,120,12.38,11.33,1359.6,-126.00000000000023,2023,7,3
Toy SKU 26,2023-07-31,A,126,13.54,18.21,2294.46,588.4200000000001,2023,7,3
Toy SKU 14,2023-08-01,B,211,12.82,18.34,3869.74,1164.7199999999998,2023,8,3
Toy SKU 16,2023-08-02,C,204,8.87,22.96,4683.84,2874.3600000000006,2023,8,3
Toy SKU 21,2023-08-03,B,180,11.83,33.98,6116.4,3986.9999999999995,2023,8,3
Toy SKU 16,2023-08-04,C,108,11.97,37.46,4045.6800000000003,2752.92,2023,8,3
Toy SKU 15,2023-08-05,A,52,3.94,22.36,1162.72,957.84,2023,8,3
Toy SKU 29,2023-08-06,C,198,10.85,9.24,1829.52,-318.77999999999975,2023,8,3
Toy SKU 09,2023-08-07,C,83,9.96,13.28,1102.24,275.55999999999995,2023,8,3
Toy SKU 02,2023-08-08,C,205,13.05,16.14,3308.7000000000003,633.4500000000003,2023,8,3
Toy SKU 05,2023-08-09,B,218,9.85,11.78,2568.04,420.74000000000024,2023,8,3
Toy SKU 08,2023-08-10,A,49,9.69,35.72,1750.28,1275.47,2023,8,3
Toy SKU 03,2023-08-11,B,93,8.17,28.45,2645.85,1886.04,2023,8,3
Toy SKU 30,2023-08-12,B,71,8.45,32.56,2311.76,1711.8100000000004,2023,8,3
Toy SKU 21,2023-08-13,A,219,7.18,9.4,2058.6,486.18000000000006,2023,8,3
Toy SKU 07,2023-08-14,A,90,7.11,40.02,3601.8,2961.9,2023,8,3
Toy SKU 17,2023-08-15,A,141,8.96,35.34,4982.9400000000005,3719.5800000000004,2023,8,3
Toy SKU 07,2023-08-16,A,174,3.53,29.45,5124.3,4510.08,2023,8,3
Toy SKU 25,2023-08-17,B,206,11.77,37.17,7657.02,5232.400000000001,2023,8,3
Toy SKU 23,2023-08-18,B,132,9.28,29.41,3882.12,2657.16,2023,8,3
Toy SKU 25,2023-08-19,C,20,5.62,27.18,543.6,431.20000000000005,2023,8,3
Toy SKU 10,2023-08-20,A,11,12.32,39.37,433.07,297.54999999999995,2023,8,3
Toy SKU 23,2023-08-21,C,29,13.37,11.23,325.67,-62.059999999999945,2023,8,3
Toy SKU 27,2023-08-22,B,13,4.24,9.6,124.8,69.67999999999999,2023,8,3
Toy SKU 26,2023-08-23,C,13,8.87,35.78,465.14,349.83,2023,8,3
Toy SKU 27,2023-08-24,A,11,9.47,16.73,184.03,79.86,2023,8,3
Toy SKU 04,2023-08-25,B,162,13.47,34.28,5553.360000000001,3371.2200000000003,2023,8,3
Toy SKU 14,2023-08-26,C,162,12.24,15.04,2436.48,453.5999999999999,2023,8,3
Toy SKU 16,2023-08-27,C,22,10.39,10.71,235.62,7.039999999999992,2023,8,3
Toy SKU 15,2023-08-28,C,58,13.5,19.36,1122.8799999999999,339.8799999999999,2023,8,3
Toy SKU 21,2023-08-29,C,111,11.29,17.01,1888.1100000000001,634.9200000000003,2023,8,3
Toy SKU 23,2023-08-30,B,205,13.78,33.58,6883.9,4058.9999999999995,2023,8,3
Toy SKU 20,2023-08-31,B,33,8.49,28.43,938.1899999999999,658.02,2023,8,3
Toy SKU 14,2023-09-01,A,159,6.48,12.92,2054.28,1023.96,2023,9,3
Toy SKU 13,2023-09-02,B,116,5.24,28.49,3304.8399999999997,2696.9999999999995,2023,9,3
Toy SKU 07,2023-09-03,A,98,5.55,38.58,3780.8399999999997,3236.9399999999996,2023,9,3
Toy SKU 22,2023-09-04,A,13,8.98,19.56,254.27999999999997,137.53999999999996,2023,9,3
Toy SKU 09,2023-09-05,A,54,12.34,39.2,2116.8,1450.44,2023,9,3
Toy SKU 15,2023-09-06,B,72,5.12,32.76,2358.72,1990.08,2023,9,3
Toy SKU 05,2023-09-07,B,122,11.48,26.12,3186.6400000000003,1786.0800000000004,2023,9,3
Toy SKU 07,2023-09-08,A,146,7.27,23.49,3429.54,2368.12,2023,9,3
Toy SKU 19,2023-09-09,A,101,5.15,34.68,3502.68,2982.5299999999997,2023,9,3
Toy SKU 23,2023-09-10,C,177,11.34,9.64,1706.2800000000002,-300.89999999999986,2023,9,3
Toy SKU 18,2023-09-11,A,171,9.75,39.33,6725.429999999999,5058.179999999999,2023,9,3
Toy SKU 15,2023-09-12,B,87,12.69,14.39,1251.93,147.9000000000001,2023,9,3
Toy SKU 15,2023-09-13,B,145,11.3,13.97,2025.65,387.1500000000001,2023,9,3
Toy SKU 02,2023-09-14,B,62,11.64,26.65,1652.3,930.6199999999999,2023,9,3
Toy SKU 29,2023-09-15,A,69,8.86,19.06,1315.1399999999999,703.8,2023,9,3
Toy SKU 01,2023-09-16,B,46,9.94,16.54,760.8399999999999,303.59999999999997,2023,9,3
Toy SKU 11,2023-09-17,B,61,5.46,13.56,827.1600000000001,494.1000000000001,2023,9,3
Toy SKU 12,2023-09-18,A,58,3.81,19.17,1111.8600000000001,890.8800000000001,2023,9,3
Toy SKU 25,2023-09-19,C,177,7.41,28.0,4956.0,3644.4300000000003,2023,9,3
Toy SKU 25,2023-09-20,A,128,12.2,16.8,2150.4,588.8000000000002,2023,9,3
Toy SKU 10,2023-09-21,A,81,3.93,19.38,1569.78,1251.4499999999998,2023,9,3
Toy SKU 10,2023-09-22,A,194,13.08,12.62,2448.2799999999997,-89.24000000000024,2023,9,3
Toy SKU 28,2023-09-23,B,153,8.64,27.31,4178.429999999999,2856.5099999999993,2023,9,3
Toy SKU 12,2023-09-24,C,12,12.34,41.13,493.56000000000006,345.4800000000001,2023,9,3
Toy SKU 19,2023-09-25,B,198,9.04,20.03,3965.94,2176.0200000000004,2023,9,3
Toy SKU 20,2023-09-26,C,39,9.63,10.48,408.72,33.14999999999998,2023,9,3
Toy SKU 22,2023-09-27,C,162,7.85,19.8,3207.6,1935.8999999999999,2023,9,3
Toy SKU 13,2023-09-28,A,213,5.34,13.99,2979.87,1842.4499999999998,2023,9,3
Toy SKU 18,2023-09-29,A,84,13.91,16.77,1408.68,240.24,2023,9,3
Toy SKU 20,2023-09-30,A,199,6.43,30.38,6045.62,4766.05,2023,9,3
Toy SKU 03,2023-10-01,A,206,10.37,26.7,5500.2,3363.98,2023,10,4
Toy SKU 15,2023-10-02,C,58,12.2,41.01,2378.58,1670.98,2023,10,4
Toy SKU 14,2022-01-01,B,195,11.8,16.97,3309.1499999999996,1008.1499999999996,2022,1,1
Toy SKU 20,2022-01-02,B,191,6.44,34.6,6608.6,5378.56,2022,1,1
Toy SKU 06,2022-01-03,A,170,9.1,26.32,4474.4,2927.3999999999996,2022,1,1
Toy SKU 09,2022-01-04,C,188,13.96,12.54,2357.52,-266.96000000000004,2022,1,1
Toy SKU 01,2022-01-05,A,11,8.53,25.3,278.3,184.47000000000003,2022,1,1
Toy SKU 11,2022-01-06,A,189,11.59,9.62,1818.1799999999998,-372.3299999999999,2022,1,1
Toy SKU 21,2022-01-07,B,171,8.33,13.31,2276.01,851.5800000000002,2022,1,1
Toy SKU 19,2022-01-08,B,92,7.82,15.19,1397.48,678.04,2022,1,1
Toy SKU 12,2022-01-09,C,34,9.68,26.02,884.68,555.56,2022,1,1
Toy SKU 10,2022-01-10,C,194,4.78,12.77,2477.38,1550.06,2022,1,1
Toy SKU 07,2022-01-11,A,144,6.63,34.19,4923.36,3968.6399999999994,2022,1,1
Toy SKU 13,2022-01-12,C,59,4.39,22.66,1336.94,1077.93,2022,1,1
Toy SKU 29,2022-01-13,C,204,11.2,27.41,5591.64,3306.8400000000006,2022,1,1
Toy SKU 26,2022-01-14,A,161,10.65,16.73,2693.53,978.8800000000001,2022,1,1
Toy SKU 30,2022-01-15,B,150,6.83,30.58,4587.0,3562.5,2022,1,1
Toy SKU 24,2022-01-16,C,110,8.78,11.97,1316.7,350.9000000000001,2022,1,1
Toy SKU 01,2022-01-17,B,96,4.99,21.08,2023.6799999999998,1544.6399999999999,2022,1,1
Toy SKU 26,2022-01-18,C,18,3.81,41.66,749.8799999999999,681.2999999999998,2022,1,1
Toy SKU 21,2022-01-19,B,38,6.39,41.34,1570.92,1328.1000000000001,2022,1,1
Toy SKU 11,2022-01-20,A,61,11.12,18.36,1119.96,441.6400000000001,2022,1,1
Toy SKU 07,2022-01-21,A,108,3.52,31.3,3380.4,3000.2400000000002,2022,1,1
Toy SKU 21,2022-01-22,B,61,11.33,34.4,2098.4,1407.27,2022,1,1
Toy SKU 16,2022-01-23,C,92,10.89,41.67,3833.6400000000003,2831.76,2022,1,1
Toy SKU 01,2022-01-24,C,59,6.38,35.85,2115.15,1738.73,2022,1,1
Toy SKU 03,2022-01-25,A,127,11.43,10.23,1299.21,-152.39999999999986,2022,1,1
Toy SKU 20,2022-01-26,B,125,9.55,19.01,2376.25,1182.5,2022,1,1
Toy SKU 03,2022-01-27,C,183,7.32,37.01,6772.83,5433.27,2022,1,1
Toy SKU 05,2022-01-28,C,48,12.12,11.61,557.28,-24.480000000000018,2022,1,1
Toy SKU 26,2022-01-29,B,133,10.62,35.09,4666.97,3254.51,2022,1,1
Toy SKU 03,2022-01-30,C,188,13.8,31.18,5861.84,3267.44,2022,1,1
Toy SKU 17,2022-01-31,C,23,13.08,30.24,695.52,394.68,2022,1,1
Toy SKU 16,2022-02-01,A,195,5.97,25.39,4951.05,3786.9000000000005,2022,2,1
Toy SKU 30,2022-02-02,C,15,5.72,41.28,619.2,533.4000000000001,2022,2,1
Toy SKU 07,2022-02-03,C,100,5.41,19.94,1994.0000000000002,1453.0000000000002,2022,2,1
Toy SKU 01,2022-02-04,B,104,13.19,41.56,4322.24,2950.4799999999996,2022,2,1
Toy SKU 19,2022-02-05,B,146,10.85,19.62,2864.52,1280.42,2022,2,1
Toy SKU 29,2022-02-06,C,197,4.62,41.12,8100.639999999999,7190.499999999999,2022,2,1
Toy SKU 07,2022-02-07,A,191,6.69,31.28,5974.4800000000005,4696.6900000000005,2022,2,1
Toy SKU 22,2022-02-08,B,179,6.51,13.49,2414.71,1249.42,2022,2,1
Toy SKU 10,2022-02-09,B,124,8.19,25.9,3211.6,2196.04,2022,2,1
Toy SKU 09,2022-02-10,A,145,10.21,38.69,5610.049999999999,4129.599999999999,2022,2,1
Toy SKU 29,2022-02-11,B,31,10.04,37.03,1147.93,836.69,2022,2,1
Toy SKU 27,2022-02-12,A,109,6.28,18.01,1963.0900000000001,1278.5700000000002,2022,2,1
Toy SKU 06,2022-02-13,A,102,6.92,17.95,1830.8999999999999,1125.06,2022,2,1
Toy SKU 22,2022-02-14,B,211,7.07,31.76,6701.360000000001,5209.59,2022,2,1
Toy SKU 02,2022-02-15,A,45,5.82,15.62,702.9,440.99999999999994,2022,2,1
Toy SKU 04,2022-02-16,A,11,3.91,18.01,198.11,155.10000000000002,2022,2,1
Toy SKU 15,2022-02-17,B,218,13.14,16.1,3509.8,645.2800000000002,2022,2,1
Toy SKU 23,2022-02-18,A,187,12.37,35.49,6636.63,4323.4400000000005,2022,2,1
Toy SKU 14,2022-02-19,B,34,4.81,22.75,773.5,609.96,2022,2,1
Toy SKU 24,2022-02-20,C,94,4.63,27.95,2627.2999999999997,2192.08,2022,2,1
Toy SKU 27,2022-02-21,B,41,10.7,39.24,1608.8400000000001,1170.14,2022,2,1
Toy SKU 13,2022-02-22,B,42,9.58,22.48,944.16,541.8,2022,2,1
Toy SKU 03,2022-02-23,B,179,7.07,37.87,6778.73,5513.2,2022,2,1
Toy SKU 21,2022-02-24,A,153,6.72,10.15,1552.95,524.7900000000002,2022,2,1
Toy SKU 05,2022-02-25,C,67,10.43,13.7,917.9,219.09000000000003,2022,2,1
Toy SKU 02,2022-02-26,A,94,4.31,37.86,3558.84,3153.7000000000003,2022,2,1
Toy SKU 04,2022-02-27,C,208,3.99,34.08,7088.639999999999,6258.719999999999,2022,2,1
Toy SKU 11,2022-02-28,C,172,7.15,18.42,3168.2400000000002,1938.4400000000003,2022,2,1
Toy SKU 30,2022-03-01,A,104,12.49,33.04,3436.16,2137.2,2022,3,1
Toy SKU 01,2022-03-02,B,162,11.13,37.2,6026.400000000001,4223.34,2022,3,1
Toy SKU 08,2022-03-03,B,92,10.52,22.21,2043.3200000000002,1075.4800000000002,2022,3,1
Toy SKU 06,2022-03-04,B,58,11.65,41.26,2393.08,1717.3799999999999,2022,3,1
Toy SKU 16,2022-03-05,C,102,7.09,21.33,2175.66,1452.48,2022,3,1
Toy SKU 08,2022-03-06,A,186,4.41,23.12,4300.320000000001,3480.0600000000004,2022,3,1
Toy SKU 09,2022-03-07,B,43,7.14,35.19,1513.1699999999998,1206.1499999999999,2022,3,1
Toy SKU 14,2022-03-08,A,63,12.96,27.71,1745.73,929.25,2022,3,1
Toy SKU 19,2022-03-09,A,49,7.12,28.48,1395.52,1046.6399999999999,2022,3,1
Toy SKU 02,2022-03-10,B,81,8.19,26.92,2180.52,1517.13,2022,3,1
Toy SKU 05,2022-03-11,C,64,9.93,11.32,724.48,88.96000000000004,2022,3,1
Toy SKU 24,2022-03-12,B,158,6.22,28.97,4577.26,3594.5,2022,3,1
Toy SKU 25,2022-03-13,C,94,6.82,39.23,3687.62,3046.54,2022,3,1
Toy SKU 04,2022-03-14,B,143,13.05,33.62,4807.66,2941.5099999999998,2022,3,1
Toy SKU 08,2022-03-15,C,152,4.02,13.33,2026.16,1415.1200000000001,2022,3,1
Toy SKU 09,2022-03-16,B,132,5.87,34.71,4581.72,3806.88,2022,3,1
Toy SKU 07,2022-03-17,B,68,4.25,10.2,693.5999999999999,404.5999999999999,2022,3,1
Toy SKU 16,2022-03-18,B,131,12.62,12.66,1658.46,5.2400000000002365,2022,3,1
Toy SKU 19,2022-03-19,C,49,9.06,21.02,1029.98,586.04,2022,3,1
Toy SKU 06,2022-03-20,B,180,9.22,22.7,4086.0,2426.3999999999996,2022,3,1
Toy SKU 28,2022-03-21,B,217,4.18,39.76,8627.92,7720.860000000001,2022,3,1
Toy SKU 10,2022-03-22,B,190,13.18,25.74,4890.599999999999,2386.3999999999996,2022,3,1
Toy SKU 16,2022-03-23,A,100,6.36,30.74,3074.0,2438.0,2022,3,1
Toy SKU 03,2022-03-24,B,164,10.95,30.25,4961.0,3165.2,2022,3,1
Toy SKU 07,2022-03-25,A,92,3.55,23.74,2184.08,1857.48,2022,3,1
Toy SKU 29,2022-03-26,A,175,8.02,11.7,2047.4999999999998,643.9999999999998,2022,3,1
Toy SKU 03,2022-03-27,C,66,10.38,19.18,1265.8799999999999,580.7999999999998,2022,3,1
Toy SKU 20,2022-03-28,C,203,9.65,40.91,8304.73,6345.78,2022,3,1
Toy SKU 28,2022-03-29,C,192,6.85,33.74,6478.08,5162.88,2022,3,1
Toy SKU 11,2022-03-30,A,37,8.66,9.56,353.72,33.30000000000001,2022,3,1
Toy SKU 21,2022-03-31,C,66,13.53,19.42,1281.72,388.7400000000001,2022,3,1
Toy SKU 07,2022-04-01,A,219,8.53,36.81,8061.39,6193.320000000001,2022,4,2
Toy SKU 06,2022-04-02,B,168,8.09,15.89,2669.52,1310.4,2022,4,2
Toy SKU 13,2022-04-03,A,75,12.06,33.08,2481.0,1576.5,2022,4,2
Toy SKU 14,2022-04-04,A,94,9.74,23.4,2199.6,1284.04,2022,4,2
Toy SKU 13,2022-04-05,B,45,10.65,25.75,1158.75,679.5,2022,4,2
Toy SKU 16,2022-04-06,B,207,7.99,9.53,1972.7099999999998,318.77999999999975,2022,4,2
Toy SKU 07,2022-04-07,A,160,9.18,27.23,4356.8,2888.0,2022,4,2
Toy SKU 16,2022-04-08,B,159,6.38,30.94,4919.46,3905.04,2022,4,2
Toy SKU 12,2022-04-09,C,215,7.72,14.9,3203.5,1543.7,2022,4,2
Toy SKU 13,2022-04-10,C,95,11.76,39.0,3705.0,2587.8,2022,4,2
Toy SKU 06,2022-04-11,B,28,10.66,33.42,935.76,637.28,2022,4,2
Toy SKU 09,2022-04-12,A,78,12.18,11.43,891.54,-58.5,2022,4,2
Toy SKU 13,2022-04-13,A,181,5.14,38.0,6878.0,5947.66,2022,4,2
Toy SKU 04,2022-04-14,B,98,6.39,23.16,2269.68,1643.46,2022,4,2
Toy SKU 09,2022-04-15,B,9,4.95,30.65,275.84999999999997,231.29999999999995,2022,4,2
Toy SKU 10,2022-04-16,B,36,11.64,15.66,563.76,144.71999999999997,2022,4,2
Toy SKU 12,2022-04-17,C,23,4.82,11.86,272.78,161.91999999999996,2022,4,2
Toy SKU 25,2022-04-18,A,209,8.36,29.8,6228.2,4480.96,2022,4,2
Toy SKU 19,2022-04-19,A,124,8.81,38.25,4743.0,3650.56,2022,4,2
Toy SKU 09,2022-04-20,A,65,11.64,30.85,2005.25,1248.65,2022,4,2
Toy SKU 28,2022-04-21,A,135,6.0,23.6,3186.0,2376.0,2022,4,2
Toy SKU 09,2022-04-22,C,142,8.05,17.07,2423.94,1280.84,2022,4,2
Toy SKU 16,2022-04-23,C,59,8.95,27.3,1610.7,1082.65,2022,4,2
Toy SKU 18,2022-04-24,C,55,10.64,21.79,1198.45,613.25,2022,4,2
Toy SKU 27,2022-04-25,B,134,9.77,28.89,3871.26,2562.0800000000004,2022,4,2
Toy SKU 05,2022-04-26,B,80,12.53,36.9,2952.0,1949.6,2022,4,2
Toy SKU 25,2022-04-27,A,30,7.64,41.99,1259.7,1030.5,2022,4,2
Toy SKU 21,2022-04-28,A,55,6.45,23.59,1297.45,942.7,2022,4,2
Toy SKU 16,2022-04-29,A,151,8.55,16.29,2459.79,1168.7399999999998,2022,4,2
Toy SKU 21,2022-04-30,C,115,12.83,35.15,4042.25,2566.8,2022,4,2
Toy SKU 22,2022-05-01,B,142,5.39,37.99,5394.58,4629.2,2022,5,2
Toy SKU 09,2022-05-02,A,158,9.51,38.02,6007.160000000001,4504.580000000001,2022,5,2
Toy SKU 16,2022-05-03,A,60,5.78,12.98,778.8000000000001,432.00000000000006,2022,5,2
Toy SKU 21,2022-05-04,A,106,7.57,40.06,4246.360000000001,3443.9400000000005,2022,5,2
Toy SKU 27,2022-05-05,A,21,11.36,31.04,651.84,413.28000000000003,2022,5,2
Toy SKU 25,2022-05-06,B,203,7.78,21.86,4437.58,2858.24,2022,5,2
Toy SKU 20,2022-05-07,A,162,12.74,24.65,3993.2999999999997,1929.4199999999996,2022,5,2
Toy SKU 09,2022-05-08,A,80,5.77,25.0,2000.0,1538.4,2022,5,2
Toy SKU 10,2022-05-09,C,84,11.46,29.78,2501.52,1538.8799999999999,2022,5,2
Toy SKU 09,2022-05-10,B,174,6.13,29.82,5188.68,4122.06,2022,5,2
Toy SKU 20,2022-05-11,A,173,11.11,29.85,5164.05,3242.0200000000004,2022,5,2
Toy SKU 11,2022-05-12,B,47,12.51,10.76,505.71999999999997,-82.25000000000006,2022,5,2
Toy SKU 08,2022-05-13,B,141,9.08,35.42,4994.22,3713.9400000000005,2022,5,2
Toy SKU 30,2022-05-14,A,134,11.72,30.63,4104.42,2533.94,2022,5,2
Toy SKU 20,2022-05-15,C,130,11.29,16.85,2190.5,722.8000000000002,2022,5,2
Toy SKU 07,2022-05-16,C,215,5.89,16.81,3614.1499999999996,2347.7999999999997,2022,5,2
Toy SKU 13,2022-05-17,C,118,7.29,32.58,3844.4399999999996,2984.2199999999993,2022,5,2
Toy SKU 08,2022-05-18,A,41,5.17,25.05,1027.05,815.0799999999999,2022,5,2
Toy SKU 18,2022-05-19,A,52,3.6,21.22,1103.44,916.24,2022,5,2
Toy SKU 08,2022-05-20,A,75,3.83,29.5,2212.5,1925.25,2022,5,2
Toy SKU 18,2022-05-21,B,179,6.83,37.8,6766.2,5543.63,2022,5,2
Toy SKU 03,2022-05-22,C,131,7.83,24.35,3189.8500000000004,2164.1200000000003,2022,5,2
Toy SKU 16,2022-05-23,A,170,13.1,39.05,6638.499999999999,4411.499999999999,2022,5,2
Toy SKU 25,2022-05-24,C,55,6.76,14.3,786.5,414.7,2022,5,2
Toy SKU 08,2022-05-25,A,50,10.15,15.26,763.0,255.5,2022,5,2
Toy SKU 10,2022-05-26,A,202,4.58,9.23,1864.46,939.3000000000001,2022,5,2
Toy SKU 11,2022-05-27,C,64,7.23,28.65,1833.6,1370.8799999999999,2022,5,2
Toy SKU 22,2022-05-28,A,55,5.27,24.55,1350.25,1060.4,2022,5,2
Toy SKU 30,2022-05-29,B,127,5.79,30.88,3921.7599999999998,3186.43,2022,5,2
Toy SKU 19,2022-05-30,A,170,5.25,10.45,1776.4999999999998,883.9999999999998,2022,5,2
Toy SKU 20,2022-05-31,B,146,10.33,32.16,4695.36,3187.1799999999994,2022,5,2
Toy SKU 24,2022-06-01,C,93,5.97,26.55,2469.15,1913.94,2022,6,2
Toy SKU 03,2022-06-02,A,213,5.57,18.61,3963.93,2777.5199999999995,2022,6,2
Toy SKU 22,2022-06-03,C,115,8.61,28.83,3315.45,2325.2999999999997,2022,6,2
Toy SKU 29,2022-06-04,B,134,12.32,38.01,5093.34,3442.46,2022,6,2
Toy SKU 28,2022-06-05,B,141,10.17,29.1,4103.1,2669.13,2022,6,2
Toy SKU 24,2022-06-06,B,98,9.72,9.84,964.3199999999999,11.759999999999877,2022,6,2
Toy SKU 10,2022-06-07,A,9,12.44,10.53,94.77,-17.189999999999998,2022,6,2
Toy SKU 24,2022-06-08,B,73,5.58,38.56,2814.88,2407.54,2022,6,2
Toy SKU 19,2022-06-09,C,48,12.79,34.18,1640.6399999999999,1026.7199999999998,2022,6,2
Toy SKU 04,2022-06-10,A,54,6.82,22.13,1195.02,826.74,2022,6,2
Toy SKU 05,2022-06-11,B,60,13.99,16.58,994.8,155.39999999999998,2022,6,2
Toy SKU 25,2022-06-12,C,212,13.79,16.44,3485.28,561.8000000000002,2022,6,2
Toy SKU 05,2022-06-13,C,97,9.36,12.97,1258.0900000000001,350.1700000000002,2022,6,2
Toy SKU 17,2022-06-14,C,124,9.27,27.14,3365.36,2215.88,2022,6,2
Toy SKU 09,2022-06-15,C,135,4.08,14.56,1965.6000000000001,1414.8000000000002,2022,6,2
Toy SKU 22,2022-06-16,A,200,5.02,39.42,7884.0,6880.0,2022,6,2
Toy SKU 10,2022-06-17,A,116,10.05,20.8,2412.8,1247.0,2022,6,2
Toy SKU 12,2022-06-18,A,59,6.59,20.34,1200.06,811.25,2022,6,2
Toy SKU 16,2022-06-19,A,103,8.81,41.48,4272.44,3365.0099999999993,2022,6,2
Toy SKU 19,2022-06-20,A,92,5.07,20.55,1890.6000000000001,1424.16,2022,6,2
Toy SKU 15,2022-06-21,C,160,5.33,28.18,4508.8,3656.0,2022,6,2
Toy SKU 14,2022-06-22,B,84,13.3,22.65,1902.6,785.3999999999999,2022,6,2
Toy SKU 02,2022-06-23,B,174,7.87,39.93,6947.82,5578.44,2022,6,2
Toy SKU 25,2022-06-24,A,181,11.47,20.34,3681.54,1605.4699999999998,2022,6,2
Toy SKU 13,2022-06-25,B,85,13.95,27.34,2323.9,1138.15,2022,6,2
Toy SKU 01,2022-06-26,C,198,12.19,37.44,7413.12,4999.5,2022,6,2
Toy SKU 20,2022-06-27,A,127,6.59,9.75,1238.25,401.32000000000005,2022,6,2
Toy SKU 27,2022-06-28,B,165,8.23,14.44,2382.6,1024.6499999999999,2022,6,2
Toy SKU 25,2022-06-29,C,69,8.85,36.61,2526.09,1915.44,2022,6,2
Toy SKU 11,2022-06-30,A,97,11.41,39.89,3869.33,2762.56,2022,6,2
Toy SKU 19,2022-07-01,A,32,13.23,28.85,923.2,499.84000000000003,2022,7,3
Toy SKU 25,2022-07-02,C,209,8.81,29.55,6175.95,4334.66,2022,7,3
Toy SKU 02,2022-07-03,B,73,8.03,27.29,1992.1699999999998,1405.98,2022,7,3
Toy SKU 24,2022-07-04,B,131,8.11,16.06,2103.8599999999997,1041.4499999999998,2022,7,3
Toy SKU 02,2022-07-05,C,202,13.75,18.89,3815.78,1038.2800000000002,2022,7,3
Toy SKU 28,2022-07-06,A,147,8.52,37.86,5565.42,4312.9800000000005,2022,7,3
Toy SKU 07,2022-07-07,C,114,4.08,10.32,1176.48,711.36,2022,7,3
Toy SKU 26,2022-07-08,A,80,10.03,27.58,2206.3999999999996,1403.9999999999995,2022,7,3
Toy SKU 26,2022-07-09,B,75,13.26,19.93,1494.75,500.25,2022,7,3
Toy SKU 10,2022-07-10,C,24,8.58,38.51,924.24,718.3199999999999,2022,7,3
Toy SKU 27,2022-07-11,C,66,10.41,11.9,785.4,98.33999999999992,2022,7,3
Toy SKU 30,2022-07-12,B,145,4.16,9.12,1322.3999999999999,719.1999999999998,2022,7,3
Toy SKU 07,2022-07-13,B,76,9.69,24.02,1825.52,1089.08,2022,7,3
Toy SKU 03,2022-07-14,A,215,13.37,13.15,2827.25,-47.29999999999973,2022,7,3
Toy SKU 30,2022-07-15,C,96,10.31,33.21,3188.16,2198.3999999999996,2022,7,3
Toy SKU 16,2022-07-16,B,71,4.8,19.95,1416.45,1075.65,2022,7,3
Toy SKU 23,2022-07-17,B,159,10.07,36.63,5824.17,4223.04,2022,7,3
Toy SKU 29,2022-07-18,A,165,4.01,15.34,2531.1,1869.4499999999998,2022,7,3
Toy SKU 06,2022-07-19,B,8,8.79,26.43,211.44,141.12,2022,7,3
Toy SKU 14,2022-07-20,B,124,3.53,31.24,3873.7599999999998,3436.04,2022,7,3
Toy SKU 12,2022-07-21,B,19,12.59,9.75,185.25,-53.96000000000001,2022,7,3
Toy SKU 22,2022-07-22,B,103,9.51,29.08,2995.24,2015.7099999999998,2022,7,3
Toy SKU 27,2022-07-23,A,152,4.79,31.27,4753.04,4024.96,2022,7,3
Toy SKU 04,2022-07-24,C,31,8.15,20.37,631.47,378.82000000000005,2022,7,3
Toy SKU 30,2022-07-25,C,167,9.2,17.49,2920.83,1384.43,2022,7,3
Toy SKU 21,2022-07-26,A,184,8.32,14.61,2688.24,1157.3599999999997,2022,7,3
Toy SKU 06,2022-07-27,B,12,4.05,39.69,476.28,427.67999999999995,2022,7,3
Toy SKU 05,2022-07-28,A,165,8.24,17.09,2819.85,1460.2499999999998,2022,7,3
Toy SKU 03,2022-07-29,A,212,13.07,22.36,4740.32,1969.4799999999996,2022,7,3
Toy SKU 18,2022-07-30,B,59,3.9,18.66,1100.94,870.84,2022,7,3
Toy SKU 12,2022-07-31,A,34,4.57,27.51,935.34,779.96,2022,7,3
Toy SKU 27,2022-08-01,A,100,8.55,23.6,2360.0,1505.0,2022,8,3
Toy SKU 04,2022-08-02,C,37,3.55,15.37,568.6899999999999,437.3399999999999,2022,8,3
Toy SKU 03,2022-08-03,A,214,13.11,22.4,4793.599999999999,1988.0599999999995,2022,8,3
Toy SKU 25,2022-08-04,A,93,10.98,29.69,2761.17,1740.0300000000002,2022,8,3
Toy SKU 22,2022-08-05,A,91,8.09,27.64,2515.2400000000002,1779.0500000000002,2022,8,3
Toy SKU 04,2022-08-06,A,37,6.58,19.1,706.7,463.24,2022,8,3
Toy SKU 28,2022-08-07,A,217,10.36,25.81,5600.7699999999995,3352.6499999999996,2022,8,3
Toy SKU 14,2022-08-08,B,50,4.58,36.12,1805.9999999999998,1576.9999999999998,2022,8,3
Toy SKU 03,2022-08-09,B,146,6.21,35.53,5187.38,4280.72,2022,8,3
Toy SKU 02,2022-08-10,B,167,12.7,28.87,4821.29,2700.39,2022,8,3
Toy SKU 11,2022-08-11,B,182,5.54,30.48,5547.36,4539.08,2022,8,3
Toy SKU 13,2022-08-12,A,132,5.13,38.23,5046.36,4369.2,2022,8,3
Toy SKU 26,2022-08-13,B,62,6.94,37.71,2338.02,1907.74,2022,8,3
Toy SKU 02,2022-08-14,A,202,8.65,40.56,8193.12,6445.820000000001,2022,8,3
Toy SKU 20,2022-08-15,C,134,12.53,21.6,2894.4,1215.38,2022,8,3
Toy SKU 25,2022-08-16,C,168,9.56,32.75,5502.0,3895.92,2022,8,3
Toy SKU 23,2022-08-17,A,128,13.55,18.99,2430.72,696.3199999999997,2022,8,3
Toy SKU 22,2022-08-18,C,217,7.47,15.59,3383.0299999999997,1762.0399999999997,2022,8,3
Toy SKU 24,2022-08-19,A,45,9.33,19.14,861.3000000000001,441.45000000000005,2022,8,3
Toy SKU 24,2022-08-20,B,136,6.99,23.8,3236.8,2286.1600000000003,2022,8,3
Toy SKU 17,2022-08-21,C,91,11.51,28.26,2571.6600000000003,1524.2500000000002,2022,8,3
Toy SKU 21,2022-08-22,A,218,6.03,17.66,3849.88,2535.34,2022,8,3
Toy SKU 26,2022-08-23,A,164,9.94,32.96,5405.4400000000005,3775.2800000000007,2022,8,3
Toy SKU 17,2022-08-24,B,79,3.63,29.86,2358.94,2072.17,2022,8,3
Toy SKU 02,2022-08-25,C,132,5.43,18.3,2415.6,1698.84,2022,8,3
Toy SKU 09,2022-08-26,B,98,6.13,20.45,2004.1,1403.36,2022,8,3
Toy SKU 09,2022-08-27,B,155,7.66,10.32,1599.6000000000001,412.3000000000002,2022,8,3
Toy SKU 11,2022-08-28,A,202,7.77,19.83,4005.66,2436.12,2022,8,3
Toy SKU 15,2022-08-29,A,176,12.57,10.36,1823.36,-388.96000000000026,2022,8,3
Toy SKU 20,2022-08-30,B,38,5.04,28.88,1097.44,905.9200000000001,2022,8,3
Toy SKU 08,2022-08-31,C,171,7.11,34.27,5860.170000000001,4644.360000000001,2022,8,3
Toy SKU 14,2022-09-01,A,165,6.09,14.31,2361.15,1356.3000000000002,2022,9,3
Toy SKU 13,2022-09-02,B,67,10.8,30.97,2074.99,1351.3899999999999,2022,9,3
Toy SKU 24,2022-09-03,A,183,6.41,20.21,3698.4300000000003,2525.4000000000005,2022,9,3
Toy SKU 21,2022-09-04,A,138,9.62,18.84,2599.92,1272.3600000000001,2022,9,3
Toy SKU 27,2022-09-05,B,22,11.1,33.71,741.62,497.42,2022,9,3
Toy SKU 04,2022-09-06,B,169,13.09,33.85,5720.650000000001,3508.4400000000005,2022,9,3
Toy SKU 07,2022-09-07,B,147,10.33,38.84,5709.4800000000005,4190.97,2022,9,3
Toy SKU 09,2022-09-08,C,141,7.88,21.0,2961.0,1849.92,2022,9,3
Toy SKU 18,2022-09-09,A,181,10.27,11.55,2090.55,231.6800000000003,2022,9,3
Toy SKU 26,2022-09-10,A,176,12.79,40.41,7112.16,4861.12,2022,9,3
Toy SKU 28,2022-09-11,A,98,11.73,36.33,3560.3399999999997,2410.7999999999997,2022,9,3
Toy SKU 01,2022-09-12,A,134,13.97,10.0,1340.0,-531.98,2022,9,3
Toy SKU 05,2022-09-13,B,134,10.33,31.5,4221.0,2836.7799999999997,2022,9,3
Toy SKU 09,2022-09-14,A,164,5.77,36.36,5963.04,5016.76,2022,9,3
Toy SKU 22,2022-09-15,A,54,10.82,34.85,1881.9,1297.6200000000001,2022,9,3
Toy SKU 29,2022-09-16,A,65,11.68,11.84,769.6,10.400000000000091,2022,9,3
Toy SKU 08,2022-09-17,A,48,8.28,39.7,1905.6000000000001,1508.1600000000003,2022,9,3
Toy SKU 07,2022-09-18,B,100,13.77,24.3,2430.0,1053.0,2022,9,3
Toy SKU 12,2022-09-19,A,99,7.82,19.3,1910.7,1136.52,2022,9,3
Toy SKU 09,2022-09-20,A,87,3.93,31.5,2740.5,2398.59,2022,9,3
Toy SKU 21,2022-09-21,A,50,7.53,13.84,692.0,315.5,2022,9,3
Toy SKU 04,2022-09-22,B,91,7.22,14.39,1309.49,652.47,2022,9,3
Toy SKU 22,2022-09-23,C,56,12.09,17.83,998.4799999999999,321.43999999999994,2022,9,3
Toy SKU 04,2022-09-24,C,153,5.48,33.0,5049.0,4210.5599999999995,2022,9,3
Toy SKU 10,2022-09-25,A,107,3.83,40.68,4352.76,3942.9500000000003,2022,9,3
Toy SKU 14,2022-09-26,A,17,7.54,25.15,427.54999999999995,299.36999999999995,2022,9,3
Toy SKU 11,2022-09-27,C,174,3.56,39.77,6919.9800000000005,6300.540000000001,2022,9,3
Toy SKU 04,2022-09-28,B,203,12.08,39.62,8042.86,5590.619999999999,2022,9,3
Toy SKU 29,2022-09-29,A,135,7.25,23.62,3188.7000000000003,2209.9500000000003,2022,9,3
Toy SKU 25,2022-09-30,B,75,11.18,12.03,902.25,63.75,2022,9,3
Toy SKU 13,2022-10-01,B,183,5.64,40.15,7347.45,6315.33,2022,10,4
Toy SKU 23,2022-10-02,A,23,12.02,36.02,828.46,552.0,2022,10,4
Toy SKU 04,2022-10-03,A,164,13.59,17.93,2940.52,711.7600000000002,2022,10,4
Toy SKU 08,2022-10-04,C,93,9.14,23.7,2204.1,1354.08,2022,10,4
Toy SKU 11,2022-10-05,A,9,9.53,33.67,303.03000000000003,217.26000000000005,2022,10,4
Toy SKU 27,2022-10-06,A,210,9.07,14.88,3124.8,1220.1000000000001,2022,10,4
Toy SKU 28,2022-10-07,A,144,5.52,11.1,1598.3999999999999,803.52,2022,10,4
Toy SKU 20,2022-10-08,C,141,4.62,33.42,4712.22,4060.8,2022,10,4
Toy SKU 04,2022-10-09,A,19,12.0,35.27,670.1300000000001,442.1300000000001,2022,10,4
Toy SKU 14,2022-10-10,A,205,4.51,29.87,6123.35,5198.8,2022,10,4
Toy SKU 16,2022-10-11,B,21,13.42,15.86,333.06,51.24000000000001,2022,10,4
Toy SKU 28,2022-10-12,C,20,5.7,23.88,477.59999999999997,363.59999999999997,2022,10,4
Toy SKU 04,2022-10-13,B,129,13.99,9.86,1271.9399999999998,-532.7700000000002,2022,10,4
Toy SKU 03,2022-10-14,A,91,7.34,38.17,3473.4700000000003,2805.53,2022,10,4
Toy SKU 11,2022-10-15,A,201,12.75,13.72,2757.7200000000003,194.97000000000025,2022,10,4
Toy SKU 19,2022-10-16,B,141,6.78,30.89,4355.49,3399.5099999999998,2022,10,4
Toy SKU 23,2022-10-17,C,58,6.9,37.39,2168.62,1768.4199999999998,2022,10,4
Toy SKU 11,2022-10-18,A,202,6.72,9.78,1975.56,618.1199999999999,2022,10,4
Toy SKU 29,2022-10-19,B,62,5.3,25.73,1595.26,1266.66,2022,10,4
Toy SKU 19,2022-10-20,A,106,12.69,20.96,2221.76,876.6200000000003,2022,10,4
Toy SKU 19,2022-10-21,A,43,7.7,34.94,1502.4199999999998,1171.3199999999997,2022,10,4
Toy SKU 05,2022-10-22,B,104,9.14,24.45,2542.7999999999997,1592.2399999999998,2022,10,4
Toy SKU 04,2022-10-23,C,77,4.66,41.38,3186.26,2827.44,2022,10,4
Toy SKU 19,2022-10-24,A,110,5.03,27.82,3060.2,2506.8999999999996,2022,10,4
Toy SKU 06,2022-10-25,B,102,6.12,23.17,2363.34,1739.1000000000001,2022,10,4
Toy SKU 14,2022-10-26,C,19,13.11,19.11,363.09,114.0,2022,10,4
Toy SKU 09,2022-10-27,A,50,13.52,35.75,1787.5,1111.5,2022,10,4
Toy SKU 22,2022-10-28,B,108,8.95,20.44,2207.52,1240.92,2022,10,4
Toy SKU 26,2022-10-29,B,185,11.4,18.83,3483.5499999999997,1374.5499999999997,2022,10,4
Toy SKU 07,2022-10-30,B,109,3.51,40.74,4440.66,4058.0699999999997,2022,10,4
Toy SKU 12,2022-10-31,B,124,9.78,28.8,3571.2000000000003,2358.4800000000005,2022,10,4
Toy SKU 02,2022-11-01,B,130,13.7,29.52,3837.6,2056.6,2022,11,4
Toy SKU 09,2022-11-02,C,150,8.28,18.5,2775.0,1533.0,2022,11,4
Toy SKU 30,2022-11-03,A,78,5.35,30.85,2406.3,1989.0000000000002,2022,11,4
Toy SKU 11,2022-11-04,A,194,6.68,19.99,3878.0599999999995,2582.1399999999994,2022,11,4
Toy SKU 11,2022-11-05,C,70,13.26,21.01,1470.7,542.5000000000001,2022,11,4
Toy SKU 05,2022-11-06,B,29,5.33,39.78,1153.6200000000001,999.0500000000002,2022,11,4
Toy SKU 23,2022-11-07,A,138,5.14,15.41,2126.58,1417.26,2022,11,4
Toy SKU 20,2022-11-08,B,194,5.05,9.62,1866.2799999999997,886.5799999999998,2022,11,4
Toy SKU 21,2022-11-09,B,81,6.92,13.23,1071.63,511.1100000000001,2022,11,4
Toy SKU 26,2022-11-10,A,216,10.61,37.07,8007.12,5715.360000000001,2022,11,4
Toy SKU 22,2022-11-11,C,107,7.54,19.7,2107.9,1301.1200000000001,2022,11,4
Toy SKU 21,2022-11-12,C,159,11.03,40.37,6418.83,4665.0599999999995,2022,11,4
Toy SKU 07,2022-11-13,B,22,8.64,29.25,643.5,453.41999999999996,2022,11,4
Toy SKU 09,2022-11-14,B,98,11.81,28.29,2772.42,1615.04,2022,11,4
Toy SKU 18,2022-11-15,A,201,10.15,39.2,7879.200000000001,5839.050000000001,2022,11,4
Toy SKU 18,2022-11-16,A,95,9.53,24.67,2343.65,1438.3000000000002,2022,11,4
Toy SKU 30,2022-11-17,B,95,12.92,39.04,3708.7999999999997,2481.3999999999996,2022,11,4
Toy SKU 03,2022-11-18,B,124,9.34,10.9,1351.6000000000001,193.44000000000005,2022,11,4
Toy SKU 15,2022-11-19,B,124,10.94,10.56,1309.44,-47.11999999999989,2022,11,4
Toy SKU 13,2022-11-20,B,158,6.51,30.51,4820.58,3792.0,2022,11,4
Toy SKU 14,2022-11-21,B,192,8.12,36.58,7023.36,5464.32,2022,11,4
Toy SKU 07,2022-11-22,C,136,4.22,23.62,3212.32,2638.4,2022,11,4
Toy SKU 09,2022-11-23,A,123,9.95,9.34,1148.82,-75.02999999999997,2022,11,4
Toy SKU 20,2022-11-24,C,136,11.22,34.37,4674.32,3148.3999999999996,2022,11,4
Toy SKU 03,2022-11-25,A,144,7.92,14.93,2149.92,1009.44,2022,11,4
Toy SKU 10,2022-11-26,C,97,4.25,12.74,1235.78,823.53,2022,11,4
Toy SKU 13,2022-11-27,C,116,10.97,10.59,1228.44,-44.07999999999993,2022,11,4
Toy SKU 08,2022-11-28,A,127,7.61,35.3,4483.099999999999,3516.629999999999,2022,11,4
Toy SKU 19,2022-11-29,C,19,10.04,16.51,313.69000000000005,122.93000000000006,2022,11,4
Toy SKU 12,2022-11-30,C,131,4.35,23.34,3057.54,2487.69,2022,11,4
Toy SKU 09,2022-12-01,A,216,8.17,28.5,6156.0,4391.28,2022,12,4
Toy SKU 27,2022-12-02,A,84,6.53,15.7,1318.8,770.28,2022,12,4
Toy SKU 22,2022-12-03,C,176,4.9,33.64,5920.64,5058.24,2022,12,4
Toy SKU 24,2022-12-04,C,96,3.66,26.44,2538.2400000000002,2186.88,2022,12,4
Toy SKU 04,2022-12-05,A,17,10.81,17.49,297.33,113.55999999999997,2022,12,4
Toy SKU 07,2022-12-06,B,197,10.4,36.47,7184.59,5135.79,2022,12,4
Toy SKU 30,2022-12-07,B,131,7.3,27.12,3552.7200000000003,2596.42,2022,12,4
Toy SKU 27,2022-12-08,A,117,12.99,14.44,1689.48,169.6500000000001,2022,12,4
Toy SKU 30,2022-12-09,B,68,7.39,37.63,2558.84,2056.32,2022,12,4
Toy SKU 23,2022-12-10,B,87,5.32,28.27,2459.49,1996.6499999999996,2022,12,4
Toy SKU 26,2022-12-11,B,184,4.23,15.44,2840.96,2062.64,2022,12,4
Toy SKU 01,2022-12-12,C,171,12.87,27.01,4618.71,2417.94,2022,12,4
Toy SKU 03,2022-12-13,A,59,12.48,33.73,1990.0699999999997,1253.7499999999995,2022,12,4
Toy SKU 17,2022-12-14,A,69,4.8,38.72,2671.68,2340.48,2022,12,4
Toy SKU 21,2022-12-15,C,133,12.15,12.21,1623.93,7.980000000000018,2022,12,4
Toy SKU 02,2022-12-16,C,21,11.47,26.7,560.6999999999999,319.8299999999999,2022,12,4
Toy SKU 03,2022-12-17,B,179,12.31,10.9,1951.1000000000001,-252.3900000000001,2022,12,4
Toy SKU 28,2022-12-18,B,138,11.61,27.17,3749.46,2147.28,2022,12,4
Toy SKU 10,2022-12-19,C,212,4.59,15.54,3294.48,2321.4,2022,12,4
Toy SKU 21,2022-12-20,B,183,13.97,12.25,2241.75,-314.7600000000002,2022,12,4
Toy SKU 30,2022-12-21,A,163,4.18,11.26,1835.3799999999999,1154.04,2022,12,4
Toy SKU 23,2022-12-22,C,196,11.9,38.09,7465.64,5133.24,2022,12,4
Toy SKU 24,2022-12-23,B,219,13.02,18.86,4130.34,1278.96,2022,12,4
Toy SKU 10,2022-12-24,A,66,12.81,31.47,2077.02,1231.56,2022,12,4
Toy SKU 23,2022-12-25,C,167,13.5,29.22,4879.74,2625.24,2022,12,4
Toy SKU 05,2022-12-26,C,149,13.1,21.56,3212.4399999999996,1260.5399999999997,2022,12,4
Toy SKU 08,2022-12-27,C,14,11.77,38.6,540.4,375.62,2022,12,4
Toy SKU 20,2022-12-28,B,152,4.21,15.04,2286.08,1646.1599999999999,2022,12,4
Toy SKU 29,2022-12-29,C,94,13.66,10.21,959.7400000000001,-324.29999999999984,2022,12,4
Toy SKU 30,2022-12-30,C,89,11.48,33.85,3012.65,1990.93,2022,12,4
Toy SKU 06,2022-12-31,A,76,5.0,25.28,1921.2800000000002,1541.2800000000002,2022,12,4
Toy SKU 19,2023-01-01,B,58,4.06,11.64,675.12,439.64,2023,1,1
Toy SKU 08,2023-01-02,C,80,13.28,24.51,1960.8000000000002,898.4000000000003,2023,1,1
Toy SKU 23,2023-01-03,C,95,7.26,29.34,2787.3,2097.6000000000004,2023,1,1
Toy SKU 20,2023-01-04,B,184,11.91,37.9,6973.599999999999,4782.16,2023,1,1
Toy SKU 23,2023-01-05,C,59,9.03,16.37,965.83,433.06000000000006,2023,1,1
Toy SKU 11,2023-01-06,A,154,9.26,32.89,5065.06,3639.0200000000004,2023,1,1
Toy SKU 22,2023-01-07,C,26,13.95,41.81,1087.06,724.3599999999999,2023,1,1
Toy SKU 06,2023-01-08,B,35,6.06,33.34,1166.9,954.8000000000001,2023,1,1
Toy SKU 26,2023-01-09,C,194,12.05,35.79,6943.26,4605.5599999999995,2023,1,1
Toy SKU 30,2023-01-10,B,168,10.75,13.37,2246.16,440.15999999999985,2023,1,1
Toy SKU 25,2023-01-11,A,32,11.61,29.64,948.48,576.96,2023,1,1
Toy SKU 20,2023-01-12,B,136,10.43,22.07,3001.52,1583.04,2023,1,1
Toy SKU 28,2023-01-13,C,95,9.86,34.09,3238.55,2301.8500000000004,2023,1,1
Toy SKU 23,2023-01-14,B,138,11.13,32.27,4453.26,2917.32,2023,1,1
Toy SKU 16,2023-01-15,C,184,4.16,33.91,6239.44,5474.0,2023,1,1
Toy SKU 25,2023-01-16,B,173,10.63,32.65,5648.45,3809.4599999999996,2023,1,1
Toy SKU 03,2023-01-17,B,119,11.83,18.91,2250.29,842.52,2023,1,1
Toy SKU 13,2023-01-18,A,78,7.81,31.97,2493.66,1884.48,2023,1,1
Toy SKU 11,2023-01-19,A,187,11.07,14.74,2756.38,686.29,2023,1,1
Toy SKU 14,2023-01-20,B,113,10.71,17.19,1942.4700000000003,732.2400000000002,2023,1,1
Toy SKU 05,2023-01-21,B,119,11.81,31.14,3705.66,2300.2699999999995,2023,1,1
Toy SKU 27,2023-01-22,A,182,10.36,27.13,4937.66,3052.14,2023,1,1
Toy SKU 10,2023-01-23,A,28,12.68,25.92,725.76,370.72,2023,1,1
Toy SKU 27,2023-01-24,B,24,7.46,19.98,479.52,300.48,2023,1,1
Toy SKU 06,2023-01-25,B,65,9.46,24.26,1576.9,962.0,2023,1,1
Toy SKU 04,2023-01-26,C,157,5.8,12.3,1931.1000000000001,1020.5000000000001,2023,1,1
Toy SKU 29,2023-01-27,C,174,13.95,37.5,6525.0,4097.700000000001,2023,1,1
Toy SKU 04,2023-01-28,A,211,3.96,36.09,7614.990000000001,6779.43,2023,1,1
Toy SKU 08,2023-01-29,C,131,8.89,27.3,3576.3,2411.71,2023,1,1
Toy SKU 29,2023-01-30,A,107,3.82,30.32,3244.2400000000002,2835.5,2023,1,1
Toy SKU 19,2023-01-31,C,163,10.57,19.96,3253.48,1530.57,2023,1,1
Toy SKU 12,2023-02-01,C,107,4.85,15.44,1652.08,1133.13,2023,2,1
Toy SKU 22,2023-02-02,B,143,6.54,12.94,1850.4199999999998,915.1999999999998,2023,2,1
Toy SKU 15,2023-02-03,A,24,8.52,29.04,696.96,492.48,2023,2,1
Toy SKU 05,2023-02-04,B,45,10.98,18.27,822.15,328.04999999999995,2023,2,1
Toy SKU 07,2023-02-05,A,53,11.74,40.67,2155.51,1533.2900000000002,2023,2,1
Toy SKU 07,2023-02-06,B,112,3.94,17.6,1971.2000000000003,1529.9200000000003,2023,2,1
Toy SKU 15,2023-02-07,A,165,4.39,40.89,6746.85,6022.5,2023,2,1
Toy SKU 26,2023-02-08,C,132,8.94,36.96,4878.72,3698.6400000000003,2023,2,1
Toy SKU 16,2023-02-09,A,156,4.72,36.75,5733.0,4996.68,2023,2,1
Toy SKU 24,2023-02-10,B,120,4.14,36.5,4380.0,3883.2,2023,2,1
Toy SKU 17,2023-02-11,A,157,11.88,24.34,3821.38,1956.22,2023,2,1
Toy SKU 05,2023-02-12,A,194,10.17,29.58,5738.5199999999995,3765.5399999999995,2023,2,1
Toy SKU 18,2023-02-13,A,170,13.59,12.46,2118.2000000000003,-192.0999999999999,2023,2,1
Toy SKU 05,2023-02-14,B,120,6.36,17.72,2126.3999999999996,1363.1999999999996,2023,2,1
Toy SKU 17,2023-02-15,B,144,11.66,37.67,5424.4800000000005,3745.4400000000005,2023,2,1
Toy SKU 24,2023-02-16,A,70,8.39,9.31,651.7,64.39999999999998,2023,2,1
Toy SKU 05,2023-02-17,C,182,9.4,14.59,2655.38,944.5800000000002,2023,2,1
Toy SKU 10,2023-02-18,B,181,12.08,37.96,6870.76,4684.280000000001,2023,2,1
Toy SKU 08,2023-02-19,A,32,6.1,19.21,614.72,419.52000000000004,2023,2,1
Toy SKU 30,2023-02-20,B,60,6.31,27.24,1634.3999999999999,1255.8,2023,2,1
Toy SKU 01,2023-02-21,A,128,10.38,36.59,4683.52,3354.88,2023,2,1
Toy SKU 12,2023-02-22,A,154,9.74,13.88,2137.52,637.56,2023,2,1
Toy SKU 12,2023-02-23,C,197,6.27,10.88,2143.36,908.1700000000003,2023,2,1
Toy SKU 02,2023-02-24,B,149,7.37,30.52,4547.48,3449.3499999999995,2023,2,1
Toy SKU 28,2023-02-25,B,58,8.31,10.5,609.0,127.01999999999998,2023,2,1
Toy SKU 14,2023-02-26,B,99,10.23,27.02,2674.98,1662.21,2023,2,1
Toy SKU 03,2023-02-27,A,97,6.74,9.48,919.5600000000001,265.7800000000001,2023,2,1
Toy SKU 21,2023-02-28,A,40,8.72,19.24,769.5999999999999,420.7999999999999,2023,2,1
Toy SKU 30,2023-03-01,C,55,11.61,18.45,1014.75,376.20000000000005,2023,3,1
Toy SKU 08,2023-03-02,B,139,11.89,21.72,3019.08,1366.37,2023,3,1
Toy SKU 12,2023-03-03,A,164,13.95,40.98,6720.719999999999,4432.92,2023,3,1
Toy SKU 17,2023-03-04,C,54,11.43,20.38,1100.52,483.29999999999995,2023,3,1
Toy SKU 26,2023-03-05,A,10,8.76,26.79,267.9,180.29999999999998,2023,3,1
Toy SKU 20,2023-03-06,A,183,7.03,31.01,5674.83,4388.34,2023,3,1
Toy SKU 21,2023-03-07,B,128,7.47,40.35,5164.8,4208.64,2023,3,1
Toy SKU 02,2023-03-08,C,110,4.64,31.7,3487.0,2976.6,2023,3,1
Toy SKU 21,2023-03-09,C,106,9.51,21.42,2270.52,1262.46,2023,3,1
Toy SKU 28,2023-03-10,C,131,12.07,37.42,4902.02,3320.8500000000004,2023,3,1
Toy SKU 11,2023-03-11,C,115,4.75,27.78,3194.7000000000003,2648.4500000000003,2023,3,1
Toy SKU 14,2023-03-12,B,41,4.14,25.46,1043.8600000000001,874.1200000000001,2023,3,1
Toy SKU 19,2023-03-13,B,216,11.72,37.29,8054.639999999999,5523.119999999999,2023,3,1
Toy SKU 26,2023-03-14,B,169,10.88,9.33,1576.77,-261.95000000000005,2023,3,1
Toy SKU 06,2023-03-15,B,122,4.12,14.16,1727.52,1224.88,2023,3,1
Toy SKU 04,2023-03-16,B,182,11.31,40.31,7336.42,5278.0,2023,3,1
Toy SKU 14,2023-03-17,C,117,4.9,37.99,4444.83,3871.5299999999997,2023,3,1
Toy SKU 27,2023-03-18,A,185,12.65,14.01,2591.85,251.5999999999999,2023,3,1
Toy SKU 22,2023-03-19,A,128,5.33,21.16,2708.48,2026.24,2023,3,1
Toy SKU 28,2023-03-20,A,104,4.81,9.68,1006.72,506.4800000000001,2023,3,1
Toy SKU 28,2023-03-21,C,85,13.08,18.39,1563.15,451.35000000000014,2023,3,1
Toy SKU 27,2023-03-22,C,54,7.97,23.96,1293.8400000000001,863.4600000000002,2023,3,1
Toy SKU 24,2023-03-23,A,167,13.97,26.45,4417.15,2084.1599999999994,2023,3,1
Toy SKU 24,2023-03-24,B,90,7.62,12.17,1095.3,409.5,2023,3,1
Toy SKU 10,2023-03-25,A,100,8.03,26.99,2699.0,1896.0,2023,3,1
Toy SKU 16,2023-03-26,A,188,5.87,9.91,1863.08,759.52,2023,3,1
Toy SKU 11,2023-03-27,A,206,9.49,35.67,7348.02,5393.08,2023,3,1
Toy SKU 05,2023-03-28,A,196,10.17,22.3,4370.8,2377.4800000000005,2023,3,1
Toy SKU 09,2023-03-29,A,203,6.99,37.71,7655.13,6236.16,2023,3,1
Toy SKU 13,2023-03-30,A,111,5.88,18.53,2056.83,1404.15,2023,3,1
Toy SKU 18,2023-03-31,A,78,4.03,9.42,734.76,420.41999999999996,2023,3,1
Toy SKU 28,2023-04-01,A,46,12.01,26.27,1208.42,655.96,2023,4,2
Toy SKU 22,2023-04-02,B,146,4.22,37.25,5438.5,4822.38,2023,4,2
Toy SKU 11,2023-04-03,A,48,3.85,27.9,1339.1999999999998,1154.3999999999999,2023,4,2
Toy SKU 20,2023-04-04,A,207,11.9,25.22,5220.54,2757.24,2023,4,2
Toy SKU 03,2023-04-05,A,59,7.16,33.06,1950.5400000000002,1528.1000000000001,2023,4,2
Toy SKU 21,2023-04-06,A,18,9.97,29.03,522.54,343.0799999999999,2023,4,2
Toy SKU 04,2023-04-07,A,214,7.43,11.15,2386.1,796.0799999999999,2023,4,2
Toy SKU 02,2023-04-08,B,12,4.97,27.24,326.88,267.24,2023,4,2
Toy SKU 20,2023-04-09,C,49,12.37,36.56,1791.44,1185.31,2023,4,2
Toy SKU 22,2023-04-10,B,195,13.79,13.27,2587.65,-101.39999999999964,2023,4,2
Toy SKU 30,2023-04-11,A,85,9.8,11.8,1003.0000000000001,170.0,2023,4,2
Toy SKU 16,2023-04-12,B,109,13.5,22.58,2461.22,989.7199999999998,2023,4,2
Toy SKU 08,2023-04-13,A,169,7.56,13.35,2256.15,978.5100000000002,2023,4,2
Toy SKU 16,2023-04-14,C,106,4.09,21.02,2228.12,1794.58,2023,4,2
Toy SKU 01,2023-04-15,A,153,7.09,11.19,1712.07,627.3,2023,4,2
Toy SKU 08,2023-04-16,A,115,3.56,26.65,3064.75,2655.35,2023,4,2
Toy SKU 08,2023-04-17,A,32,6.52,30.16,965.12,756.48,2023,4,2
Toy SKU 10,2023-04-18,C,70,6.96,17.15,1200.5,713.3,2023,4,2
Toy SKU 08,2023-04-19,A,210,5.5,15.04,3158.3999999999996,2003.3999999999996,2023,4,2
Toy SKU 05,2023-04-20,B,154,5.15,12.16,1872.64,1079.54,2023,4,2
Toy SKU 06,2023-04-21,B,143,9.93,30.46,4355.78,2935.79,2023,4,2
Toy SKU 12,2023-04-22,C,163,13.14,33.2,5411.6,3269.78,2023,4,2
Toy SKU 10,2023-04-23,C,178,11.07,20.83,3707.74,1737.2799999999997,2023,4,2
Toy SKU 29,2023-04-24,A,186,4.52,23.89,4443.54,3602.82,2023,4,2
Toy SKU 13,2023-04-25,B,17,3.54,39.74,675.58,615.4000000000001,2023,4,2
Toy SKU 05,2023-04-26,C,9,7.08,27.83,250.46999999999997,186.74999999999997,2023,4,2
Toy SKU 17,2023-04-27,A,197,10.35,28.88,5689.36,3650.41,2023,4,2
Toy SKU 23,2023-04-28,B,213,10.83,41.37,8811.81,6505.0199999999995,2023,4,2
Toy SKU 11,2023-04-29,B,98,7.62,23.13,2266.74,1519.9799999999998,2023,4,2
Toy SKU 24,2023-04-30,B,55,10.92,20.85,1146.75,546.15,2023,4,2
Toy SKU 30,2023-05-01,C,86,8.02,10.21,878.0600000000001,188.34000000000015,2023,5,2
Toy SKU 30,2023-05-02,B,90,10.44,15.55,1399.5,459.9000000000001,2023,5,2
Toy SKU 25,2023-05-03,A,162,11.05,17.66,2860.92,1070.82,2023,5,2
Toy SKU 22,2023-05-04,B,173,12.32,13.49,2333.77,202.40999999999985,2023,5,2
Toy SKU 19,2023-05-05,C,49,8.6,10.46,512.5400000000001,91.1400000000001,2023,5,2
Toy SKU 04,2023-05-06,B,108,5.06,24.18,2611.44,2064.96,2023,5,2
Toy SKU 24,2023-05-07,C,217,8.81,25.44,5520.4800000000005,3608.71,2023,5,2
Toy SKU 10,2023-05-08,B,112,5.05,31.35,3511.2000000000003,2945.6000000000004,2023,5,2
Toy SKU 06,2023-05-09,B,91,6.54,10.04,913.6399999999999,318.4999999999999,2023,5,2
Toy SKU 05,2023-05-10,C,118,11.37,21.61,2549.98,1208.3200000000002,2023,5,2
Toy SKU 01,2023-05-11,B,134,6.1,14.13,1893.42,1076.02,2023,5,2
Toy SKU 20,2023-05-12,B,81,5.55,23.4,1895.3999999999999,1445.85,2023,5,2
Toy SKU 21,2023-05-13,B,102,5.77,27.65,2820.2999999999997,2231.7599999999998,2023,5,2
Toy SKU 02,2023-05-14,A,128,4.69,25.02,3202.56,2602.24,2023,5,2
Toy SKU 16,2023-05-15,A,74,8.25,23.31,1724.9399999999998,1114.4399999999998,2023,5,2
Toy SKU 14,2023-05-16,C,211,12.09,16.45,3470.95,919.96,2023,5,2
Toy SKU 15,2023-05-17,B,82,4.29,22.88,1876.1599999999999,1524.3799999999999,2023,5,2
Toy SKU 25,2023-05-18,C,26,9.44,30.12,783.12,537.6800000000001,2023,5,2
Toy SKU 26,2023-05-19,A,45,3.89,35.13,1580.8500000000001,1405.8000000000002,2023,5,2
Toy SKU 05,2023-05-20,A,114,13.34,40.8,4651.2,3130.4399999999996,2023,5,2
Toy SKU 03,2023-05-21,B,138,7.48,36.5,5037.0,4004.76,2023,5,2
Toy SKU 06,2023-05-22,A,106,7.25,39.12,4146.719999999999,3378.2199999999993,2023,5,2
Toy SKU 13,2023-05-23,B,202,10.33,12.65,2555.3,468.6400000000003,2023,5,2
Toy SKU 29,2023-05-24,B,159,12.79,13.57,2157.63,124.02000000000021,2023,5,2
Toy SKU 08,2023-05-25,B,19,10.9,23.96,455.24,248.14000000000001,2023,5,2
Toy SKU 12,2023-05-26,C,47,11.91,10.23,480.81,-78.95999999999998,2023,5,2
Toy SKU 03,2023-05-27,A,13,8.34,16.3,211.9,103.48,2023,5,2
Toy SKU 19,2023-05-28,B,181,3.87,33.0,5973.0,5272.53,2023,5,2
Toy SKU 01,2023-05-29,B,52,10.39,33.75,1755.0,1214.72,2023,5,2
Toy SKU 13,2023-05-30,A,90,6.32,21.86,1967.3999999999999,1398.6,2023,5,2
Toy SKU 24,2023-05-31,B,26,12.31,27.5,715.0,394.94,2023,5,2
Toy SKU 24,2023-06-01,B,52,7.01,38.4,1996.8,1632.28,2023,6,2
Toy SKU 30,2023-06-02,B,160,13.25,38.96,6233.6,4113.6,2023,6,2
Toy SKU 29,2023-06-03,C,144,11.86,35.55,5119.2,3411.3599999999997,2023,6,2
Toy SKU 04,2023-06-04,C,144,6.43,40.85,5882.400000000001,4956.4800000000005,2023,6,2
Toy SKU 25,2023-06-05,A,206,8.98,14.34,2954.04,1104.1599999999999,2023,6,2
Toy SKU 15,2023-06-06,B,161,4.43,31.87,5131.07,4417.84,2023,6,2
Toy SKU 14,2023-06-07,C,22,10.95,14.17,311.74,70.84000000000003,2023,6,2
Toy SKU 11,2023-06-08,A,187,13.5,14.04,2625.48,100.98000000000002,2023,6,2
Toy SKU 05,2023-06-09,C,10,9.08,32.31,323.1,232.3,2023,6,2
Toy SKU 16,2023-06-10,C,111,9.8,16.62,1844.8200000000002,757.02,2023,6,2
Toy SKU 08,2023-06-11,B,164,4.65,28.72,4710.08,3947.48,2023,6,2
Toy SKU 26,2023-06-12,B,47,12.39,28.11,1321.17,738.84,2023,6,2
Toy SKU 08,2023-06-13,B,22,8.09,40.6,893.2,715.22,2023,6,2
Toy SKU 08,2023-06-14,A,115,8.43,33.63,3867.4500000000003,2898.0000000000005,2023,6,2
Toy SKU 27,2023-06-15,B,64,7.04,13.98,894.72,444.16,2023,6,2
Toy SKU 13,2023-06-16,B,159,12.67,38.88,6181.92,4167.39,2023,6,2
Toy SKU 03,2023-06-17,C,78,6.48,30.05,2343.9,1838.46,2023,6,2
Toy SKU 14,2023-06-18,C,210,11.13,25.33,5319.299999999999,2981.999999999999,2023,6,2
Toy SKU 23,2023-06-19,C,201,13.15,34.19,6872.19,4229.039999999999,2023,6,2
Toy SKU 24,2023-06-20,B,99,6.37,25.5,2524.5,1893.87,2023,6,2
Toy SKU 11,2023-06-21,A,97,8.83,24.58,2384.2599999999998,1527.7499999999998,2023,6,2
Toy SKU 29,2023-06-22,B,81,10.21,26.16,2118.96,1291.9499999999998,2023,6,2
Toy SKU 13,2023-06-23,A,208,7.27,23.28,4842.24,3330.08,2023,6,2
Toy SKU 27,2023-06-24,A,51,9.31,32.17,1640.67,1165.8600000000001,2023,6,2
Toy SKU 14,2023-06-25,C,67,13.72,32.23,2159.41,1240.1699999999998,2023,6,2
Toy SKU 02,2023-06-26,C,68,5.65,18.77,1276.36,892.1599999999999,2023,6,2
Toy SKU 21,2023-06-27,C,61,8.36,32.29,1969.69,1459.73,2023,6,2
Toy SKU 09,2023-06-28,A,192,10.41,33.85,6499.200000000001,4500.4800000000005,2023,6,2
Toy SKU 19,2023-06-29,A,47,6.4,13.24,622.28,321.47999999999996,2023,6,2
Toy SKU 27,2023-06-30,C,214,5.62,13.51,2891.14,1688.4599999999998,2023,6,2
Toy SKU 17,2023-07-01,B,216,4.9,28.84,6229.44,5171.039999999999,2023,7,3
Toy SKU 10,2023-07-02,A,168,11.83,14.13,2373.84,386.4000000000001,2023,7,3
Toy SKU 01,2023-07-03,B,122,5.19,15.85,1933.7,1300.52,2023,7,3
Toy SKU 25,2023-07-04,A,8,9.01,15.42,123.36,51.28,2023,7,3
Toy SKU 04,2023-07-05,C,142,5.69,30.42,4319.64,3511.6600000000003,2023,7,3
Toy SKU 29,2023-07-06,A,52,3.69,34.03,1769.56,1577.6799999999998,2023,7,3
Toy SKU 16,2023-07-07,B,111,9.11,14.2,1576.1999999999998,564.9899999999999,2023,7,3
Toy SKU 29,2023-07-08,A,103,5.63,37.97,3910.91,3331.02,2023,7,3
Toy SKU 19,2023-07-09,C,33,9.04,31.09,1025.97,727.6500000000001,2023,7,3
Toy SKU 11,2023-07-10,B,173,4.34,9.74,1685.02,934.2,2023,7,3
Toy SKU 09,2023-07-11,A,57,8.4,13.5,769.5,290.7,2023,7,3
Toy SKU 12,2023-07-12,C,95,8.14,12.6,1197.0,423.69999999999993,2023,7,3
Toy SKU 18,2023-07-13,C,118,7.58,25.73,3036.14,2141.7,2023,7,3
Toy SKU 18,2023-07-14,C,74,12.47,27.98,2070.52,1147.7399999999998,2023,7,3
Toy SKU 23,2023-07-15,B,156,12.3,35.82,5587.92,3669.12,2023,7,3
Toy SKU 28,2023-07-16,C,55,5.11,31.77,1747.35,1466.3,2023,7,3
Toy SKU 16,2023-07-17,B,9,11.49,18.75,168.75,65.34,2023,7,3
Toy SKU 21,2023-07-18,A,68,8.65,18.03,1226.04,637.8399999999999,2023,7,3
Toy SKU 08,2023-07-19,C,216,8.46,32.89,7104.24,5276.879999999999,2023,7,3
Toy SKU 23,2023-07-20,C,116,10.99,16.42,1904.7200000000003,629.8800000000003,2023,7,3
Toy SKU 05,2023-07-21,C,78,6.3,27.35,2133.3,1641.9,2023,7,3
Toy SKU 22,2023-07-22,B,189,6.12,33.29,6291.8099999999995,5135.129999999999,2023,7,3
Toy SKU 19,2023-07-23,C,173,7.72,29.04,5023.92,3688.36,2023,7,3
Toy SKU 26,2023-07-24,C,218,9.47,12.8,2790.4,725.94,2023,7,3
Toy SKU 01,2023-07-25,A,199,7.95,17.14,3410.86,1828.8100000000002,2023,7,3
Toy SKU 24,2023-07-26,B,81,11.45,24.35,1972.3500000000001,1044.9,2023,7,3
Toy SKU 30,2023-07-27,C,176,13.73,38.32,6744.32,4327.84,2023,7,3
Toy SKU 23,2023-07-28,C,61,10.42,9.68,590.48,-45.139999999999986,2023,7,3
Toy SKU 09,2023-07-29,C,85,10.48,37.02,3146.7000000000003,2255.9,2023,7,3
Toy SKU 08,2023-07-30,B,42,12.4,9.4,394.8,-126.00000000000006,2023,7,3
Toy SKU 20,2023-07-31,B,61,7.43,28.35,1729.3500000000001,1276.1200000000001,2023,7,3
Toy SKU 15,2023-08-01,C,201,6.93,28.12,5652.12,4259.1900000000005,2023,8,3
Toy SKU 16,2023-08-02,C,202,3.93,40.11,8102.22,7308.360000000001,2023,8,3
Toy SKU 24,2023-08-03,A,17,9.68,27.99,475.83,311.27,2023,8,3
Toy SKU 23,2023-08-04,C,10,5.38,33.82,338.2,284.4,2023,8,3
Toy SKU 05,2023-08-05,A,39,8.43,33.14,1292.46,963.69,2023,8,3
Toy SKU 28,2023-08-06,B,168,6.69,40.98,6884.639999999999,5760.719999999999,2023,8,3
Toy SKU 07,2023-08-07,A,103,3.97,16.25,1673.75,1264.84,2023,8,3
Toy SKU 04,2023-08-08,B,38,6.68,9.87,375.05999999999995,121.21999999999997,2023,8,3
Toy SKU 30,2023-08-09,A,116,4.38,18.04,2092.64,1584.56,2023,8,3
Toy SKU 13,2023-08-10,C,73,4.03,23.81,1738.1299999999999,1443.9399999999998,2023,8,3
Toy SKU 22,2023-08-11,B,44,4.79,28.37,1248.28,1037.52,2023,8,3
Toy SKU 02,2023-08-12,B,204,12.87,17.14,3496.56,871.0799999999999,2023,8,3
Toy SKU 23,2023-08-13,A,203,8.94,17.54,3560.62,1745.8,2023,8,3
Toy SKU 03,2023-08-14,C,212,9.37,32.81,6955.72,4969.280000000001,2023,8,3
Toy SKU 02,2023-08-15,C,67,12.57,16.93,1134.31,292.1199999999999,2023,8,3
Toy SKU 03,2023-08-16,C,204,5.18,21.57,4400.28,3343.5599999999995,2023,8,3
Toy SKU 03,2023-08-17,B,189,5.02,37.89,7161.21,6212.43,2023,8,3
Toy SKU 20,2023-08-18,A,35,7.2,12.9,451.5,199.5,2023,8,3
Toy SKU 14,2023-08-19,B,208,8.1,31.78,6610.24,4925.44,2023,8,3
Toy SKU 22,2023-08-20,B,169,9.97,38.65,6531.849999999999,4846.919999999999,2023,8,3
Toy SKU 16,2023-08-21,A,156,9.09,30.29,4725.24,3307.2,2023,8,3
Toy SKU 09,2023-08-22,B,83,10.06,23.64,1962.1200000000001,1127.14,2023,8,3
Toy SKU 13,2023-08-23,C,168,13.67,40.68,6834.24,4537.68,2023,8,3
Toy SKU 11,2023-08-24,C,208,11.37,14.88,3095.04,730.0799999999999,2023,8,3
Toy SKU 19,2023-08-25,B,109,6.2,9.12,994.0799999999999,318.27999999999986,2023,8,3
Toy SKU 01,2023-08-26,C,188,8.89,17.39,3269.32,1598.0,2023,8,3
Toy SKU 26,2023-08-27,C,154,8.07,35.51,5468.54,4225.76,2023,8,3
Toy SKU 30,2023-08-28,C,171,6.07,17.82,3047.2200000000003,2009.2500000000002,2023,8,3
Toy SKU 11,2023-08-29,B,27,7.64,9.58,258.66,52.380000000000024,2023,8,3
Toy SKU 26,2023-08-30,A,219,5.18,33.16,7262.039999999999,6127.619999999999,2023,8,3
Toy SKU 09,2023-08-31,A,30,12.59,16.3,489.0,111.30000000000001,2023,8,3
Toy SKU 17,2023-09-01,A,72,11.01,17.47,1257.84,465.1199999999999,2023,9,3
Toy SKU 01,2023-09-02,B,116,4.67,41.51,4815.16,4273.44,2023,9,3
Toy SKU 22,2023-09-03,A,71,12.44,17.08,1212.6799999999998,329.4399999999998,2023,9,3
Toy SKU 13,2023-09-04,A,64,11.99,18.02,1153.28,385.91999999999996,2023,9,3
Toy SKU 08,2023-09-05,A,10,3.63,39.02,390.20000000000005,353.90000000000003,2023,9,3
Toy SKU 13,2023-09-06,C,144,9.62,15.65,2253.6,868.3199999999999,2023,9,3
Toy SKU 12,2023-09-07,C,148,4.13,38.07,5634.36,5023.12,2023,9,3
Toy SKU 21,2023-09-08,B,130,11.82,17.68,2298.4,761.8,2023,9,3
Toy SKU 15,2023-09-09,A,204,11.84,21.74,4434.96,2019.6,2023,9,3
Toy SKU 22,2023-09-10,B,13,12.09,15.8,205.4,48.23000000000002,2023,9,3
Toy SKU 23,2023-09-11,B,164,4.55,11.38,1866.3200000000002,1120.1200000000003,2023,9,3
Toy SKU 19,2023-09-12,A,13,13.12,19.28,250.64000000000001,80.08000000000001,2023,9,3
Toy SKU 23,2023-09-13,B,131,10.53,26.33,3449.2299999999996,2069.7999999999997,2023,9,3
Toy SKU 30,2023-09-14,A,118,7.46,28.79,3397.22,2516.9399999999996,2023,9,3
Toy SKU 24,2023-09-15,C,122,7.95,19.97,2436.3399999999997,1466.4399999999996,2023,9,3
Toy SKU 24,2023-09-16,C,195,4.93,37.04,7222.8,6261.450000000001,2023,9,3
Toy SKU 29,2023-09-17,A,160,11.97,24.74,3958.3999999999996,2043.1999999999996,2023,9,3
Toy SKU 22,2023-09-18,A,48,12.37,21.13,1014.24,420.48,2023,9,3
Toy SKU 08,2023-09-19,A,143,8.07,31.54,4510.22,3356.21,2023,9,3
Toy SKU 16,2023-09-20,A,37,8.07,38.43,1421.91,1123.3200000000002,2023,9,3
Toy SKU 20,2023-09-21,A,29,10.44,38.29,1110.41,807.6500000000001,2023,9,3
Toy SKU 14,2023-09-22,B,133,12.16,16.35,2174.55,557.2700000000002,2023,9,3
Toy SKU 10,2023-09-23,B,13,12.8,27.41,356.33,189.92999999999998,2023,9,3
Toy SKU 29,2023-09-24,B,108,8.24,10.94,1181.52,291.5999999999999,2023,9,3
Toy SKU 06,2023-09-25,C,195,8.29,18.22,3552.8999999999996,1936.35,2023,9,3
Toy SKU 25,2023-09-26,C,80,4.79,32.82,2625.6,2242.4,2023,9,3
Toy SKU 18,2023-09-27,B,201,10.04,41.31,8303.310000000001,6285.270000000001,2023,9,3
Toy SKU 08,2023-09-28,A,33,8.31,25.31,835.2299999999999,560.9999999999999,2023,9,3
Toy SKU 14,2023-09-29,A,100,9.86,14.19,1419.0,433.0,2023,9,3
Toy SKU 16,2023-09-30,A,40,12.49,19.28,771.2,271.6,2023,9,3
Toy SKU 03,2023-10-01,B,16,12.31,33.42,534.72,337.76,2023,10,4
Toy SKU 19,2023-10-02,B,186,10.06,23.83,4432.38,2561.2200000000003,2023,10,4
Toy SKU 26,2022-01-01,B,12,7.89,13.27,159.24,64.56000000000002,2022,1,1
Toy SKU 12,2022-01-02,A,97,7.59,10.14,983.58,247.35000000000002,2022,1,1
Toy SKU 08,2022-01-03,A,38,9.57,35.6,1352.8,989.1399999999999,2022,1,1
Toy SKU 23,2022-01-04,B,123,12.47,35.27,4338.21,2804.3999999999996,2022,1,1
Toy SKU 14,2022-01-05,A,137,3.65,28.7,3931.9,3431.85,2022,1,1
Toy SKU 30,2022-01-06,A,176,6.98,28.75,5060.0,3831.52,2022,1,1
Toy SKU 05,2022-01-07,B,72,3.59,12.13,873.36,614.88,2022,1,1
Toy SKU 02,2022-01-08,B,28,9.91,26.35,737.8000000000001,460.32000000000005,2022,1,1
Toy SKU 24,2022-01-09,B,31,3.68,17.94,556.14,442.06,2022,1,1
Toy SKU 21,2022-01-10,A,172,13.05,23.47,4036.8399999999997,1792.2399999999998,2022,1,1
Toy SKU 26,2022-01-11,A,84,12.79,22.65,1902.6,828.24,2022,1,1
Toy SKU 24,2022-01-12,C,59,3.96,28.51,1682.0900000000001,1448.4500000000003,2022,1,1
Toy SKU 18,2022-01-13,C,211,6.83,30.22,6376.42,4935.29,2022,1,1
Toy SKU 21,2022-01-14,A,184,8.5,36.05,6633.2,5069.2,2022,1,1
Toy SKU 09,2022-01-15,B,16,9.62,24.33,389.28,235.35999999999999,2022,1,1
Toy SKU 11,2022-01-16,C,215,8.92,21.71,4667.650000000001,2749.8500000000004,2022,1,1
Toy SKU 25,2022-01-17,B,19,7.23,32.86,624.34,486.97,2022,1,1
Toy SKU 17,2022-01-18,A,88,7.53,29.36,2583.68,1921.04,2022,1,1
Toy SKU 09,2022-01-19,A,130,8.8,23.95,3113.5,1969.5,2022,1,1
Toy SKU 20,2022-01-20,B,160,11.46,36.93,5908.8,4075.2,2022,1,1
Toy SKU 11,2022-01-21,B,174,11.0,28.2,4906.8,2992.8,2022,1,1
Toy SKU 10,2022-01-22,A,141,9.33,34.5,4864.5,3548.9700000000003,2022,1,1
Toy SKU 30,2022-01-23,A,32,5.16,22.44,718.08,552.96,2022,1,1
Toy SKU 17,2022-01-24,A,148,8.68,21.53,3186.44,1901.8000000000002,2022,1,1
Toy SKU 01,2022-01-25,C,66,9.03,40.35,2663.1,2067.12,2022,1,1
Toy SKU 24,2022-01-26,C,97,11.77,14.54,1410.3799999999999,268.6899999999998,2022,1,1
Toy SKU 19,2022-01-27,A,24,4.61,25.56,613.4399999999999,502.79999999999995,2022,1,1
Toy SKU 11,2022-01-28,B,48,10.16,15.27,732.96,245.28000000000003,2022,1,1
Toy SKU 04,2022-01-29,A,13,10.41,39.9,518.6999999999999,383.3699999999999,2022,1,1
Toy SKU 30,2022-01-30,A,111,3.85,27.95,3102.45,2675.1,2022,1,1
Toy SKU 12,2022-01-31,B,163,12.54,29.46,4801.9800000000005,2757.960000000001,2022,1,1
Toy SKU 01,2022-02-01,A,165,8.69,29.41,4852.65,3418.7999999999997,2022,2,1
Toy SKU 04,2022-02-02,A,175,7.71,14.36,2513.0,1163.75,2022,2,1
Toy SKU 30,2022-02-03,A,19,10.18,41.45,787.5500000000001,594.1300000000001,2022,2,1
Toy SKU 27,2022-02-04,C,161,13.9,32.85,5288.85,3050.9500000000003,2022,2,1
Toy SKU 22,2022-02-05,A,79,9.81,11.63,918.7700000000001,143.7800000000001,2022,2,1
Toy SKU 19,2022-02-06,A,24,5.62,40.47,971.28,836.4,2022,2,1
Toy SKU 13,2022-02-07,B,219,7.39,32.4,7095.599999999999,5477.19,2022,2,1
Toy SKU 14,2022-02-08,B,77,7.04,16.7,1285.8999999999999,743.8199999999998,2022,2,1
Toy SKU 05,2022-02-09,A,77,5.76,12.71,978.6700000000001,535.1500000000001,2022,2,1
Toy SKU 10,2022-02-10,A,184,4.39,19.72,3628.4799999999996,2820.7199999999993,2022,2,1
Toy SKU 28,2022-02-11,B,120,7.22,26.08,3129.6,2263.2,2022,2,1
Toy SKU 21,2022-02-12,A,109,9.42,31.47,3430.23,2403.45,2022,2,1
Toy SKU 20,2022-02-13,B,128,8.1,20.55,2630.4,1593.6000000000001,2022,2,1
Toy SKU 05,2022-02-14,A,96,3.77,19.83,1903.6799999999998,1541.7599999999998,2022,2,1
Toy SKU 16,2022-02-15,C,151,4.64,11.08,1673.08,972.4399999999999,2022,2,1
Toy SKU 27,2022-02-16,B,110,11.92,39.93,4392.3,3081.1000000000004,2022,2,1
Toy SKU 12,2022-02-17,C,210,7.97,17.72,3721.2,2047.4999999999998,2022,2,1
Toy SKU 24,2022-02-18,B,101,10.03,19.62,1981.6200000000001,968.5900000000001,2022,2,1
Toy SKU 19,2022-02-19,C,21,5.71,14.1,296.09999999999997,176.18999999999997,2022,2,1
Toy SKU 04,2022-02-20,A,184,3.65,28.86,5310.24,4638.639999999999,2022,2,1
Toy SKU 28,2022-02-21,B,208,7.28,26.39,5489.12,3974.88,2022,2,1
Toy SKU 22,2022-02-22,C,185,8.52,35.96,6652.6,5076.400000000001,2022,2,1
Toy SKU 10,2022-02-23,A,166,11.99,41.58,6902.28,4911.94,2022,2,1
Toy SKU 20,2022-02-24,B,100,9.83,31.0,3100.0,2117.0,2022,2,1
Toy SKU 23,2022-02-25,B,164,11.37,38.23,6269.719999999999,4405.039999999999,2022,2,1
Toy SKU 28,2022-02-26,B,17,6.44,28.62,486.54,377.06,2022,2,1
Toy SKU 20,2022-02-27,B,167,11.81,22.86,3817.62,1845.35,2022,2,1
Toy SKU 14,2022-02-28,B,124,5.27,17.6,2182.4,1528.92,2022,2,1
Toy SKU 11,2022-03-01,B,201,6.74,41.17,8275.17,6920.43,2022,3,1
Toy SKU 22,2022-03-02,A,95,9.53,32.0,3040.0,2134.65,2022,3,1
Toy SKU 22,2022-03-03,C,144,10.92,38.88,5598.72,4026.2400000000002,2022,3,1
Toy SKU 27,2022-03-04,B,144,6.34,32.37,4661.28,3748.3199999999997,2022,3,1
Toy SKU 03,2022-03-05,C,112,9.26,28.69,3213.28,2176.1600000000003,2022,3,1
Toy SKU 29,2022-03-06,B,171,11.1,32.57,5569.47,3671.3700000000003,2022,3,1
Toy SKU 24,2022-03-07,C,159,12.85,28.65,4555.349999999999,2512.2,2022,3,1
Toy SKU 22,2022-03-08,C,88,10.14,32.66,2874.08,1981.7599999999998,2022,3,1
Toy SKU 04,2022-03-09,A,109,6.53,27.15,2959.35,2247.58,2022,3,1
Toy SKU 05,2022-03-10,B,59,7.25,14.8,873.2,445.45000000000005,2022,3,1
Toy SKU 28,2022-03-11,C,130,7.66,12.16,1580.8,584.9999999999999,2022,3,1
Toy SKU 28,2022-03-12,B,56,5.32,28.72,1608.32,1310.3999999999999,2022,3,1
Toy SKU 17,2022-03-13,C,128,11.62,20.93,2679.04,1191.68,2022,3,1
Toy SKU 22,2022-03-14,A,186,9.39,9.9,1841.4,94.8599999999999,2022,3,1
Toy SKU 29,2022-03-15,C,181,5.57,34.94,6324.139999999999,5315.969999999999,2022,3,1
Toy SKU 01,2022-03-16,C,140,13.64,18.06,2528.3999999999996,618.7999999999995,2022,3,1
Toy SKU 30,2022-03-17,B,170,6.83,29.76,5059.2,3898.1,2022,3,1
Toy SKU 06,2022-03-18,B,177,3.55,10.91,1931.07,1302.7199999999998,2022,3,1
Toy SKU 02,2022-03-19,C,35,6.21,38.93,1362.55,1145.2,2022,3,1
Toy SKU 08,2022-03-20,B,172,12.3,33.25,5719.0,3603.4,2022,3,1
Toy SKU 24,2022-03-21,B,90,12.57,33.49,3014.1000000000004,1882.8000000000004,2022,3,1
